t, ax, ay, az, gx, gy, gz, ax_calib, ay_calib, az_calib,
0, 1.2593500732421874, 0.05027823486328125, -9.476250170898437, -0.028244274809159864, -0.1230458015267176, 0.04370229007632531, -0.04422329886474663, 0.017973271862792954, 0.006277596752919834
0.1, 1.3048399047851562, 0.00239420166015625, -9.382876306152344, 0.10152671755725234, 0.014358778625954194, -0.17003816793894266, 0.0012665326782221875, -0.029910761340332045, 0.09965146149901294
0.2, 1.3168109130859373, 0.06703764648437499, -9.469067565917967, -0.18091603053435068, 0.006725190839694639, 0.04370229007632531, 0.013237540979003315, 0.034732683483886695, 0.013460201733389354
0.30000000000000004, 1.3431471313476562, 0.023942016601562498, -9.521740002441407, 0.06335877862595468, 0.18229770992366412, -0.11660305343512611, 0.03957375924072215, -0.008362946398925798, -0.03921223479004965
0.4, 1.3192051147460937, -0.02154781494140625, -9.49300958251953, 0.03282442748091646, 0.021992366412213693, -0.017366412213752014, 0.015631742639159674, -0.053852777941894546, -0.010481814868173345
0.5, 1.3072341064453123, 0.12689268798828124, -9.495403784179686, 0.07099236641221424, -0.00854198473282447, -0.04026717557253079, 0.003660734338378324, 0.09458772498779294, -0.01287601652832926
0.6, 1.2952630981445312, -0.011971008300781249, -9.466673364257812, -0.1122137404580148, -0.04670992366412219, 0.06660305343510231, -0.008310273962402803, -0.04427597130126955, 0.01585440339354527
0.7, 1.3670891479492187, -0.13168109130859373, -9.358934289550781, -0.09694656488549575, -0.04670992366412219, -0.09370229007634734, 0.06351577584228463, -0.16398605430908203, 0.12359347810057564
0.7999999999999999, 1.3024457031249999, 0.05985504150390625, -9.514557397460937, 0.07862595419847368, 0.11359541984732824, -0.04790076335878979, -0.0011276689819341712, 0.027550078503417952, -0.03202962980958013
0.8999999999999999, 1.3527239379882812, 0.07900865478515624, -9.502586389160156, 0.10152671755725234, 0.09832824427480913, 0.013167938931285761, 0.04915056588134714, 0.04670369178466795, -0.02005862150879878
0.9999999999999999, 1.3551181396484375, 0.02633621826171875, -9.411606726074218, 0.0022900763358782994, -0.03144274809160308, 0.005534351145026761, 0.0515447675415035, -0.005968744738769547, 0.07092104157713841
1.0999999999999999, 1.3431471313476562, 0.01915361328125, -9.631873278808593, -0.005343511450381255, -0.1459465648854962, -0.08606870229008834, 0.03957375924072215, -0.013151349719238297, -0.14934551115723593
1.2, 1.3072341064453123, 0.0430956298828125, -9.526528405761718, 0.16259541984732867, -0.054343511450381715, -0.0020992366412322383, 0.003660734338378324, 0.010790666882324204, -0.04400063811036148
1.3, 1.37906015625, 0.0047884033203125, -9.495403784179686, 0.09389312977099279, -0.1459465648854962, -0.05553435114504879, 0.07548678414306598, -0.027516559680175797, -0.01287601652832926
1.4000000000000001, 1.2832920898437499, 0.0, -9.536105212402344, 0.11679389312977145, 0.0372595419847328, -0.10133587786260634, -0.020281282263184153, -0.032304963000488296, -0.05357744475098691
1.5000000000000002, 1.3646949462890625, -0.13407529296874998, -9.490615380859374, -0.15038167938931252, 0.11359541984732824, 1.8986641221373937, 0.06112157418212849, -0.16638025596923828, -0.00808761320801743
1.6000000000000003, 1.2593500732421874, 0.04548983154296875, -9.528922607421874, 0.009923664122137799, -0.0009083969465649155, -0.1471374045801639, -0.04422329886474663, 0.013184868542480452, -0.04639483977051739
1.7000000000000004, 1.2306196533203124, 0.076614453125, -9.387664709472656, 0.04045801526717602, 0.06016030534351141, -0.05553435114504879, -0.0729537187866216, 0.0443094901245117, 0.09486305817870111
1.8000000000000005, 1.2641384765625, 0.05746083984375, -9.490615380859374, -0.012977099236640754, -0.0925114503816794, 0.028435114503805536, -0.039434895544434134, 0.025155876843261704, -0.00808761320801743
1.9000000000000006, 1.3072341064453123, 0.0383072265625, -9.3852705078125, 0.017557251908397353, 0.09832824427480913, 0.04370229007632531, 0.003660734338378324, 0.006002263562011702, 0.09725725983885702
2.0000000000000004, 1.3575123413085937, 0.047884033203124995, -9.459490759277344, 0.17022900763358823, 0.021992366412213693, -0.07080152671756856, 0.05393896920165964, 0.0155790702026367, 0.023037008374013013
2.1000000000000005, 1.3527239379882812, -0.0909796630859375, -9.49300958251953, -0.1122137404580148, 0.08306106870229008, -0.009732824427493014, 0.04915056588134714, -0.12328462608642579, -0.010481814868173345
2.2000000000000006, 1.2952630981445312, -0.00718260498046875, -9.425971936035156, 0.14732824427480956, -0.07724427480916032, -0.009732824427493014, -0.008310273962402803, -0.039487567980957046, 0.056555831616201147
2.3000000000000007, 1.2425906616210938, 0.055066638183593745, -9.45470235595703, -0.1122137404580148, 0.07542748091603052, 0.08187022900762209, -0.06098271048584025, 0.02276167518310545, 0.02782541169432662
2.400000000000001, 1.3192051147460937, 0.00718260498046875, -9.466673364257812, -0.07404580152671714, 0.021992366412213693, -0.1395038167939049, 0.015631742639159674, -0.025122358020019546, 0.01585440339354527
2.500000000000001, 1.2401964599609374, 0.04548983154296875, -9.478644372558593, -0.04351145038167897, -0.08487786259541988, 0.04370229007632531, -0.06337691214599661, 0.013184868542480452, 0.0038833950927639194
2.600000000000001, 1.4317325927734375, 0.0, -9.49300958251953, 0.12442748091603101, -0.1230458015267176, 0.11240458015265986, 0.12815922066650343, -0.032304963000488296, -0.010481814868173345
2.700000000000001, 1.2928688964843749, 0.0430956298828125, -9.473855969238281, 0.03282442748091646, -0.11541221374045804, 0.036068702290064536, -0.010704475622559162, 0.010790666882324204, 0.008671798413075749
2.800000000000001, 1.3192051147460937, 0.023942016601562498, -9.504980590820312, 0.0022900763358782994, 0.08306106870229008, 0.07423664122136309, 0.015631742639159674, -0.008362946398925798, -0.022452823168954694
2.9000000000000012, 1.2904746948242187, 0.040701428222656245, -9.488221179199218, 0.05572519083969513, -0.0009083969465649155, 0.07423664122136309, -0.013098677282715299, 0.00839646522216795, -0.0056934115478615155
3.0000000000000013, 1.2737152832031249, 0.08140285644531249, -9.478644372558593, -0.03587786259541942, 0.04489312977099236, 0.005534351145026761, -0.029858088903809143, 0.049097893444824195, 0.0038833950927639194
3.1000000000000014, 1.3575123413085937, -0.10773907470703124, -9.457096557617186, 0.10152671755725234, 0.1288625954198473, 0.028435114503805536, 0.05393896920165964, -0.14004403770751955, 0.025431210034170704
3.2000000000000015, 1.3000515014648437, -0.00718260498046875, -9.512163195800781, -0.05877862595419803, -0.06197709923664124, -0.017366412213752014, -0.003521870642090308, -0.039487567980957046, -0.029635428149424214
3.3000000000000016, 1.254561669921875, 0.08379705810546874, -9.5001921875, -0.08167938931297664, -0.08487786259541988, 0.12767175572517964, -0.049011702185059125, 0.05149209510498044, -0.017664419848642865
3.4000000000000017, 1.2880804931640624, 0.028730419921875, -9.495403784179686, -0.09694656488549575, -0.13067938931297712, -0.09370229007634734, -0.015492878942871657, -0.003574543078613296, -0.01287601652832926
3.5000000000000018, 1.350329736328125, 0.033518823242187495, -9.576806640625, 0.04045801526717602, 0.014358778625954194, 0.013167938931285761, 0.046756364221191005, 0.0012138602416991995, -0.09427887297364279
3.600000000000002, 1.2569558715820313, 0.1197100830078125, -9.459490759277344, -0.02061068702290031, 0.021992366412213693, -0.07843511450382756, -0.046617500524902766, 0.0874051200073242, 0.023037008374013013
3.700000000000002, 0.8403647827148437, 0.35673604736328124, -9.744400756835937, 0.7122137404580158, 0.7090152671755724, 21.51698473282442, -0.4632085893920903, 0.32443108436279294, -0.2618729891845799
3.800000000000002, 1.5753846923828123, -0.93852705078125, -9.196128576660156, -2.371755725190839, -6.779534351145037, -24.490648854961844, 0.2718113202758783, -0.9708320137817383, 0.2863991909912009
3.900000000000002, 1.6017209106445311, 0.46208092041015625, -9.351751684570312, -0.6847328244274805, 7.617412213740458, -2.8417938931297826, 0.2981475385375971, 0.42977595740966795, 0.13077608308104516
4.000000000000002, 1.8507178833007811, -0.0909796630859375, -9.41639512939453, 0.9106870229007638, 4.76245038167939, -1.9868320610687134, 0.5471445111938471, -0.12328462608642579, 0.06613263825682658
4.100000000000001, 1.1563994018554686, 0.507570751953125, -9.548076220703125, -1.0206106870229004, -1.7566335877862596, -5.994465648854973, -0.1471739702514654, 0.47526578895263666, -0.06554845305176826
4.200000000000001, 0.9337386474609375, -0.6488286499023437, -9.579200842285156, 0.3534351145038172, -4.390221374045801, 6.585687022900752, -0.36983472464599654, -0.681133612902832, -0.0966730746337987
4.300000000000001, 1.6711527587890624, 0.33518823242187495, -9.6151138671875, 0.24656488549618366, -5.3291526717557245, -4.5135496183206225, 0.3675793866821284, 0.30288326942138666, -0.13258609953614275
4.4, 1.8435352783203125, -0.28490999755859375, -9.418789331054686, 0.24656488549618366, 5.571610687022901, -2.895229007633599, 0.5399619062133785, -0.31721496055908205, 0.06373843659667067
4.5, -0.5626373901367188, 0.38307226562499996, -9.452308154296874, 0.2083969465648859, 2.380770992366412, 2.2269083969465537, -1.8662107622436528, 0.35076730262451167, 0.030219613354482533
4.6, 1.419761584472656, -0.03591302490234375, -9.514557397460937, -0.02061068702290031, 0.8616870229007633, -0.7654580152671873, 0.11618821236572208, -0.06821798790283204, -0.03202962980958013
4.699999999999999, 1.1468225952148436, 0.04548983154296875, -9.603142858886718, -0.03587786259541942, 3.8235190839694657, 0.5856870229007516, -0.15675077689209038, 0.013184868542480452, -0.1206150912353614
4.799999999999999, 1.1468225952148436, -0.0526724365234375, -9.449913952636718, 0.30000000000000043, -1.3749541984732825, -1.8417938931297826, -0.15675077689209038, -0.0849773995239258, 0.03261381501463845
4.899999999999999, 1.235408056640625, -0.11252747802734374, -9.488221179199218, 0.5824427480916035, -0.9856412213740459, -2.6433206106870344, -0.0681653154663091, -0.14483244102783205, -0.0056934115478615155
4.999999999999998, 1.4796166259765624, 0.01915361328125, -9.375693701171874, 0.4374045801526722, -3.5428931297709925, -2.55171755725192, 0.17604325386962838, -0.013151349719238297, 0.10683406647948246
5.099999999999998, 1.369483349609375, 0.06464344482421874, -9.564835632324218, -0.02061068702290031, 1.251, -1.7501908396946675, 0.06590997750244099, 0.03233848182373045, -0.08230786467286144
5.1999999999999975, 1.1923124267578125, 0.09816226806640624, -9.679757312011718, 0.37633587786259587, -0.0925114503816794, -0.7807251908397053, -0.11126094534912156, 0.06585730506591794, -0.19722954436036133
5.299999999999997, 1.6328455322265625, -0.08379705810546874, -9.471461767578125, -0.20381679389312934, 0.014358778625954194, 0.020801526717546537, 0.32927216011962845, -0.11610202110595703, 0.011066000073231663
5.399999999999997, 1.3072341064453123, 0.0526724365234375, -9.490615380859374, -0.1274809160305339, 1.251, 0.44064885496181994, 0.003660734338378324, 0.020367473522949202, -0.00808761320801743
5.4999999999999964, 1.0702081420898437, -0.00718260498046875, -9.490615380859374, 1.4450381679389317, 0.9838244274809159, -0.6356870229007754, -0.2333652300170903, -0.039487567980957046, -0.00808761320801743
5.599999999999996, 1.4915876342773438, -0.0383072265625, -9.5384994140625, 0.47557251908396986, -1.016175572519084, -1.353244274809171, 0.18801426217040973, -0.07061218956298829, -0.05597164641114283
5.699999999999996, 1.2497732666015624, 0.028730419921875, -9.507374792480467, 1.0938931297709928, 0.3807709923664122, -4.788358778625966, -0.05380010550537162, -0.003574543078613296, -0.02484702482911061
5.799999999999995, 1.2952630981445312, 0.05985504150390625, -9.595960253906249, 0.5137404580152676, 0.17466412213740456, -4.131870229007645, -0.008310273962402803, 0.027550078503417952, -0.11343248625489188
5.899999999999995, 1.429338391113281, 0.23702596435546874, -9.53131680908203, 0.24656488549618366, 0.350236641221374, -4.04790076335879, 0.12576501900634707, 0.20472100135498045, -0.04878904143067331
5.999999999999995, 0.9911994873046874, -0.09576806640624999, -9.567229833984374, -1.1809160305343507, 2.6708473282442746, -1.0784351145038276, -0.3123738848022466, -0.1280730294067383, -0.08470206633301736
6.099999999999994, 1.2234370483398436, -0.06703764648437499, -9.600748657226562, -1.2725190839694651, 1.8540534351145035, -0.3379770992366531, -0.08013632376709046, -0.09934260948486329, -0.11822088957520549
6.199999999999994, 1.1755530151367186, -0.09337386474609374, -9.459490759277344, 0.6129770992366417, -1.214648854961832, -0.3150763358778743, -0.1280203569702154, -0.12567882774658204, 0.023037008374013013
6.299999999999994, 1.0462661254882812, -0.0383072265625, -9.485826977539062, -0.1122137404580148, 0.6861145038167938, -0.3303435114503923, -0.2573072466186528, -0.07061218956298829, -0.003299209887705601
6.399999999999993, 1.1444283935546875, -0.016759411621093748, -9.449913952636718, 0.9106870229007638, 1.2662671755725192, -1.1242366412213851, -0.15914497855224652, -0.049064374621582044, 0.03261381501463845
6.499999999999993, 1.3072341064453123, 0.1484405029296875, -9.581595043945311, 0.12442748091603101, 0.1288625954198473, -2.3761450381679508, 0.003660734338378324, 0.1161355399291992, -0.09906727629395462
6.5999999999999925, 1.1659762084960936, 0.10773907470703124, -9.449913952636718, -0.4709923664122133, 1.6250458015267175, -0.49828244274810274, -0.1375971636108404, 0.07543411170654295, 0.03261381501463845
6.699999999999992, 1.2425906616210938, 0.06464344482421874, -9.483432775878907, -1.0664122137404575, 1.518175572519084, -1.6433206106870344, -0.06098271048584025, 0.03233848182373045, -0.0009050082275496862
6.799999999999992, 1.0342951171875, -0.00718260498046875, -9.60793126220703, -2.8145038167938927, 0.27390076335877855, -3.025000000000011, -0.26927825491943413, -0.039487567980957046, -0.12540349455567323
6.8999999999999915, 1.2569558715820313, -0.09337386474609374, -9.665392102050781, -3.112213740458015, -0.5123587786259542, -0.9486641221374157, -0.046617500524902766, -0.12567882774658204, -0.18286433439942407
6.999999999999991, 1.3287819213867187, -0.047884033203124995, -9.478644372558593, -1.3030534351145033, -0.06197709923664124, -1.2311068702290182, 0.025208549279784664, -0.08018899620361329, 0.0038833950927639194
7.099999999999991, 1.0438719238281249, -0.16041151123046873, -9.356540087890625, -0.6465648854961827, 0.37313740458015265, 0.13530534351143864, -0.25970144827880914, -0.19271647423095703, 0.12598767976073155
7.19999999999999, 1.1372457885742187, -0.03591302490234375, -9.5384994140625, -0.012977099236640754, 1.3044351145038169, -0.246374045801538, -0.16632758353271537, -0.06821798790283204, -0.05597164641114283
7.29999999999999, 1.2042834350585936, -0.0526724365234375, -9.548076220703125, 1.2236641221374052, 1.2433664122137404, -1.9868320610687134, -0.09928993704834044, -0.0849773995239258, -0.06554845305176826
7.39999999999999, 0.9840168823242187, -0.05027823486328125, -9.483432775878907, 0.0022900763358782994, 1.464740458015267, -0.39904580152672864, -0.31955648978271534, -0.08258319786376955, -0.0009050082275496862
7.499999999999989, 1.1228805786132812, -0.07900865478515624, -9.464279162597656, -0.16564885496183163, 1.4876412213740458, 0.06660305343510231, -0.18069279349365286, -0.11131361778564454, 0.018248605053701183
7.599999999999989, 1.0079588989257813, -0.22744915771484372, -9.53131680908203, -0.5244274809160301, 0.9227557251908397, -0.5517175572519193, -0.29561447318115275, -0.259754120715332, -0.04878904143067331
7.699999999999989, 0.6177040283203125, -0.2059013427734375, -9.397241516113281, 0.5900763358778631, -1.481824427480916, -2.231106870229019, -0.6858693437866216, -0.2382063057739258, 0.08528625153807567
7.799999999999988, 1.0390835205078124, -0.031124621582031248, -9.380482104492186, 0.5137404580152676, -1.764267175572519, 1.3490458015267066, -0.26448985159912164, -0.06342958458251954, 0.10204566315917063
7.899999999999988, 1.1133037719726562, -0.05746083984375, -9.595960253906249, -0.3412213740458011, -0.5886946564885496, -0.05553435114504879, -0.19026960013427785, -0.0897658028442383, -0.11343248625489188
7.999999999999988, 1.0941501586914062, -0.02633621826171875, -9.619902270507811, -0.677099236641221, -0.6039618320610687, -2.9868320610687134, -0.20942321341552783, -0.05864118126220705, -0.13737450285645458
8.099999999999987, 1.1348515869140625, -0.229843359375, -9.459490759277344, -0.4328244274809156, 0.8769541984732824, 3.990267175572507, -0.1687217851928715, -0.2621483223754883, 0.023037008374013013
8.199999999999987, 1.209071838378906, -0.03591302490234375, -9.397241516113281, 0.1931297709923669, 0.10596183206106868, -0.8112595419847448, -0.09450153372802794, -0.06821798790283204, 0.08528625153807567
8.299999999999986, 1.13006318359375, -0.076614453125, -9.490615380859374, -0.24198473282442706, 0.9761908396946565, -3.895229007633599, -0.173510188513184, -0.10891941612548829, -0.00808761320801743
8.399999999999986, 0.86191259765625, -0.15083470458984374, -9.648632690429688, 0.9564885496183211, 0.7166488549618321, -0.5364503816794013, -0.4416607744506841, -0.18313966759033204, -0.1661049227783309
8.499999999999986, 1.1420341918945311, -0.27293898925781246, -9.399635717773437, 2.1625954198473285, -0.932206106870229, 1.5475190839694548, -0.16153918021240288, -0.30524395225830075, 0.08289204987791976
8.599999999999985, 1.1444283935546875, 0.02154781494140625, -9.519345800781249, 0.8343511450381684, -0.6573969465648855, 0.41011450381678216, -0.15914497855224652, -0.010757148059082046, -0.03681803312989196
8.699999999999985, 1.24498486328125, 0.05746083984375, -9.670180505371093, -1.8984732824427475, -0.0925114503816794, -3.3227099236641333, -0.058588508825684116, 0.025155876843261704, -0.1876527377197359
8.799999999999985, 1.1923124267578125, -0.16998831787109375, -9.421183532714844, -3.845038167938931, 0.6021450381679389, -3.5288167938931414, -0.11126094534912156, -0.20229328087158205, 0.061344234936512976
8.899999999999984, 0.9983820922851562, -0.45010991210937495, -9.459490759277344, -2.6541984732824426, 0.6784809160305343, -0.49064885496184374, -0.30519127982177785, -0.48241487510986325, 0.023037008374013013
8.999999999999984, 1.1324573852539062, -0.1771709228515625, -9.394847314453125, -1.6618320610687018, 0.8387862595419847, -0.3227099236641333, -0.17111598685302787, -0.2094758858520508, 0.08768045319823159
9.099999999999984, 1.1611878051757811, -0.21787235107421873, -9.514557397460937, -1.2419847328244271, 0.18993129770992362, 0.11240458015265986, -0.1423855669311529, -0.250177314074707, -0.03202962980958013
9.199999999999983, 1.0414777221679687, -0.36152445068359373, -9.600748657226562, 0.5137404580152676, -0.6344961832061069, 0.4864503816793775, -0.2620956499389653, -0.39382941368408203, -0.11822088957520549
9.299999999999983, 1.2210428466796874, -0.258573779296875, -9.5384994140625, 2.80381679389313, -1.8787709923664124, 0.44064885496181994, -0.08253052542724659, -0.29087874229736327, -0.05597164641114283
9.399999999999983, 0.9193734375, -0.06943184814453125, -9.421183532714844, 2.5824427480916032, -0.15358015267175576, 2.8223282442747983, -0.384199934606934, -0.10173681114501955, 0.061344234936512976
9.499999999999982, 1.1276689819335937, -0.07900865478515624, -9.394847314453125, 1.2236641221374052, 0.18993129770992362, 1.9673664122137282, -0.17590439017334036, -0.11131361778564454, 0.08768045319823159
9.599999999999982, 1.120486376953125, -0.15562310791015624, -9.574412438964844, 0.06335877862595468, 0.8082519083969465, -0.20820610687024121, -0.183086995153809, -0.18792807091064453, -0.09188467131348688
9.699999999999982, 1.1228805786132812, -0.20350714111328125, -9.358934289550781, -0.33358778625954155, 1.8235190839694657, -0.9181297709923779, -0.18069279349365286, -0.23581210411376954, 0.12359347810057564
9.799999999999981, 1.0941501586914062, -0.16041151123046873, -9.490615380859374, -0.5625954198473277, 2.1441297709923663, 0.2650763358778505, -0.20942321341552783, -0.19271647423095703, -0.00808761320801743
9.89999999999998, 0.928950244140625, -0.09816226806640624, -9.502586389160156, -0.5167938931297705, 0.45710687022900764, -0.36851145038169086, -0.37462312796630903, -0.13046723106689453, -0.02005862150879878
9.99999999999998, 1.0654197387695312, -0.17956512451171874, -9.414000927734374, -0.1274809160305339, -0.6726641221374046, -2.1776717557252026, -0.2381536333374028, -0.21187008751220704, 0.0685268399169825
10.09999999999998, 0.93852705078125, -0.21308394775390624, -9.414000927734374, -0.6999999999999995, -0.6955648854961832, 1.6925572519083847, -0.36504632132568404, -0.24538891075439453, 0.0685268399169825
10.19999999999998, 1.0630255371093749, -0.28969840087890625, -9.562441430664062, -1.325954198473282, 0.0372595419847328, -0.2311068702290182, -0.24054783499755916, -0.32200336387939454, -0.07991366301270553
10.29999999999998, 0.9193734375, -0.1867477294921875, -9.368511096191405, -1.593129770992366, 0.9380229007633588, -0.3379770992366531, -0.384199934606934, -0.21905269249267578, 0.11401667145995198
10.399999999999979, 0.9074024291992187, -0.19153613281249998, -9.459490759277344, -1.4938931297709919, 0.17466412213740456, 1.081870229007622, -0.3961709429077154, -0.22384109581298828, 0.023037008374013013
10.499999999999979, 0.9624690673828125, -0.2059013427734375, -9.418789331054686, -0.34885496183206066, -0.9016717557251909, -0.18530534351146244, -0.34110430472412157, -0.2382063057739258, 0.06373843659667067
10.599999999999978, 0.9241618408203125, -0.29927520751953124, -9.447519750976562, 0.8648854961832066, -2.0390763358778625, -0.4372137404580272, -0.37941153128662153, -0.33158017052001953, 0.03500801667479436
10.699999999999978, 1.0031704956054688, -0.23223756103515625, -9.504980590820312, 1.6587786259541988, -3.24518320610687, 0.7994274809160196, -0.30040287650146524, -0.26454252403564454, -0.022452823168954694
10.799999999999978, 1.1516109985351561, -0.023942016601562498, -9.49300958251953, 2.1473282442748096, -3.222282442748092, 3.318511450381667, -0.1519623735717779, -0.056246979602050794, -0.010481814868173345
10.899999999999977, 1.2114660400390624, -0.047884033203124995, -9.41639512939453, 1.1549618320610693, -1.6421297709923666, 0.5093511450381563, -0.09210733206787158, -0.08018899620361329, 0.06613263825682658
10.999999999999977, 1.1372457885742187, -0.13646949462890623, -9.5001921875, -0.677099236641221, 0.7090152671755724, -1.788358778625966, -0.16632758353271537, -0.16877445762939453, -0.017664419848642865
11.099999999999977, 1.2018892333984375, -0.2561795776367187, -9.667786303710937, -1.0511450381679386, 3.4113053435114504, -0.4066793893129894, -0.10168413870849657, -0.288484540637207, -0.18525853605957998
11.199999999999976, 1.218648645019531, -0.16280571289062498, -9.502586389160156, -0.8832061068702286, 5.556343511450382, -1.9791984732824544, -0.08492472708740295, -0.19511067589111328, -0.02005862150879878
11.299999999999976, 1.0438719238281249, -0.1580173095703125, -9.373299499511718, -0.7763358778625951, 3.167030534351145, -0.07843511450382756, -0.25970144827880914, -0.19032227257080078, 0.10922826813963837
11.399999999999975, 0.8164227661132812, -0.26336218261718747, -9.375693701171874, 0.2541984732824432, 1.0372595419847328, -1.918129770992378, -0.4871506059936528, -0.29566714561767576, 0.10683406647948246
11.499999999999975, 0.9959878906249999, -0.2825157958984375, -9.528922607421874, 1.7732824427480922, -1.3978549618320613, -1.70438931297711, -0.3075854814819341, -0.3148207588989258, -0.04639483977051739
11.599999999999975, 0.9911994873046874, -0.18435352783203124, -9.488221179199218, 1.6511450381679393, -2.6268625954198477, 1.9597328244274692, -0.3123738848022466, -0.21665849083251953, -0.0056934115478615155
11.699999999999974, 1.0390835205078124, -0.0526724365234375, -9.528922607421874, -0.03587786259541942, -1.3596870229007636, 1.4101145038167822, -0.26448985159912164, -0.0849773995239258, -0.04639483977051739
11.799999999999974, 1.2306196533203124, -0.06943184814453125, -9.583989245605467, -1.8145038167938927, 0.3197022900763359, -0.5440839694656603, -0.0729537187866216, -0.10173681114501955, -0.10146147795411053
11.899999999999974, 1.1755530151367186, -0.2657563842773437, -9.526528405761718, -2.2343511450381675, 2.0525267175572517, -0.4066793893129894, -0.1280203569702154, -0.298061347277832, -0.04400063811036148
11.999999999999973, 1.0295067138671874, -0.201112939453125, -9.452308154296874, -2.295419847328244, 2.1441297709923663, -0.1318702290076459, -0.27406665823974663, -0.2334179024536133, 0.030219613354482533
12.099999999999973, 0.928950244140625, -0.3184288208007812, -9.528922607421874, -0.9137404580152667, 0.7548167938931297, -0.6891221374045919, -0.37462312796630903, -0.3507337838012695, -0.04639483977051739
12.199999999999973, 0.9600748657226562, -0.33039982910156246, -9.514557397460937, 0.6358778625954205, -0.19174809160305345, 0.7154580152671635, -0.3434985063842778, -0.36270479210205075, -0.03202962980958013
12.299999999999972, 0.8283937744140625, -0.18914193115234373, -9.471461767578125, 0.27709923664122177, -1.0848778625954199, -0.5211832061068815, -0.47517959769287155, -0.22144689415283203, 0.011066000073231663
12.399999999999972, 1.139639990234375, -0.16280571289062498, -9.3852705078125, -0.5702290076335873, -0.9703740458015268, -1.9944656488549732, -0.16393338187255901, -0.19511067589111328, 0.09725725983885702
12.499999999999972, 0.9361328491210937, -0.16041151123046873, -9.572018237304688, -1.295419847328244, -0.6573969465648855, -0.0020992366412322383, -0.3674405229858403, -0.19271647423095703, -0.08949046965333096
12.599999999999971, 1.1444283935546875, -0.3280056274414062, -9.567229833984374, -0.42519083969465604, -0.38258778625954204, 0.8375954198473163, -0.15914497855224652, -0.3603105904418945, -0.08470206633301736
12.69999999999997, 1.0175357055664063, -0.36631285400390623, -9.41639512939453, 0.5595419847328249, -0.00854198473282447, 2.5093511450381563, -0.28603766654052776, -0.3986178170043945, 0.06613263825682658
12.79999999999997, 0.9409212524414062, -0.2059013427734375, -9.423577734375, 1.1549618320610693, -0.20701526717557256, -0.09370229007634734, -0.3626521196655278, -0.2382063057739258, 0.05895003327635706
12.89999999999997, 1.0103531005859374, -0.22744915771484372, -9.672574707031249, 1.1854961832061073, -0.7184656488549619, -0.17003816793894266, -0.2932202715209966, -0.259754120715332, -0.1900469393798918
12.99999999999997, 1.1276689819335937, -0.2753331909179687, -9.548076220703125, 0.46030534351145086, -0.7642671755725191, 0.8375954198473163, -0.17590439017334036, -0.307638153918457, -0.06554845305176826
13.09999999999997, 1.0821791503906248, -0.2561795776367187, -9.363722692871093, 0.20076335877862644, -0.832969465648855, 0.6696564885496077, -0.22139422171630918, -0.288484540637207, 0.11880507478026381
13.199999999999969, 1.3239935180664062, -0.21308394775390624, -9.485826977539062, -0.6312977099236636, 1.0525267175572517, -0.9181297709923779, 0.02042014595947217, -0.24538891075439453, -0.003299209887705601
13.299999999999969, 1.0558429321289062, -0.19632453613281248, -9.5001921875, -0.9671755725190836, 2.3349694656488547, -1.017366412213752, -0.2477304399780278, -0.22862949913330077, -0.017664419848642865
13.399999999999968, 0.9074024291992187, -0.1580173095703125, -9.591171850585937, -0.9977099236641216, 0.3655038167938931, -0.21583969465650021, -0.3961709429077154, -0.19032227257080078, -0.10864408293458006
13.499999999999968, 1.177947216796875, -0.2346317626953125, -9.617508068847656, 0.42977099236641264, 1.2662671755725192, -2.895229007633599, -0.12562615531005905, -0.2669367256958008, -0.13498030119629867
13.599999999999968, 0.8834604125976562, -0.3232172241210937, -9.466673364257812, -0.2877862595419843, 1.3655038167938933, -0.8570610687023024, -0.42011295950927785, -0.355522187121582, 0.01585440339354527
13.699999999999967, 1.0007762939453124, -0.3327940307617187, -9.466673364257812, -0.1122137404580148, 0.25863358778625956, -0.2234732824427592, -0.3027970781616216, -0.365098993762207, 0.01585440339354527
13.799999999999967, 0.8786720092773437, -0.3327940307617187, -9.605537060546874, 0.42977099236641264, 0.167030534351145, -0.8112595419847448, -0.42490136282959035, -0.365098993762207, -0.12300929289551732
13.899999999999967, 0.8954314208984374, -0.1197100830078125, -9.469067565917967, -0.8297709923664118, -0.8635038167938932, -0.28454198473283654, -0.4081419512084966, -0.1520150460083008, 0.013460201733389354
13.999999999999966, 1.0390835205078124, -0.229843359375, -9.5001921875, -2.409923664122137, -0.9627404580152672, -2.2158396946565, -0.26448985159912164, -0.2621483223754883, -0.017664419848642865
14.099999999999966, 0.9361328491210937, -0.4477157104492187, -9.481038574218749, -1.3793893129770989, -2.2070152671755725, 0.11240458015265986, -0.3674405229858403, -0.480020673449707, 0.0014891934326080047
14.199999999999966, 1.0127473022460938, -0.38307226562499996, -9.519345800781249, -0.05114503816793847, -0.1612137404580153, 1.990267175572507, -0.29082606986084025, -0.41537722862548826, -0.03681803312989196
14.299999999999965, 0.9935936889648437, -0.3399766357421875, -9.423577734375, 0.7809160305343517, 0.45710687022900764, 0.5856870229007516, -0.30997968314209035, -0.3722815987426758, 0.05895003327635706
14.399999999999965, 0.9935936889648437, -0.354341845703125, -9.449913952636718, 1.628244274809161, -0.1459465648854962, 0.532251908396935, -0.30997968314209035, -0.3866468087036133, 0.03261381501463845
14.499999999999964, 0.9265560424804687, -0.2920926025390625, -9.495403784179686, 1.3687022900763364, -1.3367862595419848, 1.8070610687022786, -0.3770173296264653, -0.3243975655395508, -0.01287601652832926
14.599999999999964, 1.0390835205078124, -0.23223756103515625, -9.512163195800781, 0.7274809160305349, -2.5963282442748095, -0.36851145038169086, -0.26448985159912164, -0.26454252403564454, -0.029635428149424214
14.699999999999964, 1.0007762939453124, -0.22026655273437498, -9.45470235595703, -0.8450381679389308, -2.6879312977099237, 1.4482824427480807, -0.3027970781616216, -0.25257151573486325, 0.02782541169432662
14.799999999999963, 1.0630255371093749, -0.23223756103515625, -9.473855969238281, -2.012977099236641, -2.222282442748092, 1.8833969465648739, -0.24054783499755916, -0.26454252403564454, 0.008671798413075749
14.899999999999963, 1.3646949462890625, -0.45010991210937495, -9.605537060546874, -0.34885496183206066, -1.2909847328244275, 0.6696564885496077, 0.06112157418212849, -0.48241487510986325, -0.12300929289551732
14.999999999999963, 1.0893617553710937, -0.47165772705078124, -9.519345800781249, 2.5824427480916032, -0.4512900763358779, 0.9368320610686904, -0.21421161673584033, -0.5039626900512695, -0.03681803312989196
15.099999999999962, 1.1947066284179686, -0.28490999755859375, -9.536105212402344, 4.399236641221374, -0.5428931297709924, -0.7272900763358887, -0.10886674368896543, -0.31721496055908205, -0.05357744475098691
15.199999999999962, 1.1635820068359375, 0.0, -9.4618849609375, 2.1854961832061073, -0.3749541984732825, 0.19637404580151596, -0.13999136527099654, -0.032304963000488296, 0.020642806713857098
15.299999999999962, 1.149216796875, -0.076614453125, -9.3852705078125, -0.7687022900763354, 0.800618320610687, 1.7001908396946455, -0.15435657523193402, -0.10891941612548829, 0.09725725983885702
15.399999999999961, 1.2832920898437499, -0.22266075439453123, -9.516951599121093, -1.890839694656488, 0.9532900763358779, 1.3719465648854854, -0.020281282263184153, -0.2549657173950195, -0.034423831469736044
15.499999999999961, 1.1013327636718748, -0.2346317626953125, -9.667786303710937, -0.6312977099236636, 0.1288625954198473, 0.524618320610676, -0.2022406084350592, -0.2669367256958008, -0.18525853605957998
15.59999999999996, 1.1372457885742187, -0.3399766357421875, -9.5384994140625, 1.5977099236641228, 0.5334427480916031, 0.7078244274809045, -0.16632758353271537, -0.3722815987426758, -0.05597164641114283
15.69999999999996, 0.9504980590820312, -0.16519991455078123, -9.258377819824219, 1.47557251908397, 1.2433664122137404, 0.036068702290064536, -0.3530753130249028, -0.19750487755126953, 0.22414994782713826
15.79999999999996, 0.9935936889648437, -0.1292868896484375, -9.342174877929686, 0.36106870229007676, 1.7548167938931298, -0.8875954198473401, -0.30997968314209035, -0.16159185264892578, 0.1403528897216706
15.89999999999996, 1.0390835205078124, -0.16998831787109375, -9.598354455566406, -0.6465648854961827, 0.5868778625954199, 0.08950381679388109, -0.26448985159912164, -0.20229328087158205, -0.11582668791504958
15.99999999999996, 1.1372457885742187, -0.239420166015625, -9.557653027343749, -1.1198473282442745, -0.5199923664122138, -0.5211832061068815, -0.16632758353271537, -0.2717251290161133, -0.07512525969239192
16.09999999999996, 1.1252747802734375, -0.239420166015625, -9.428366137695312, -0.6312977099236636, -1.2375496183206107, -0.7196564885496297, -0.1782985918334965, -0.2717251290161133, 0.05416162995604523
16.19999999999996, 1.1923124267578125, -0.22505495605468748, -9.543287817382812, -0.03587786259541942, -0.10014503816793896, -0.6509541984732934, -0.11126094534912156, -0.25735991905517575, -0.06076004973145466
16.29999999999996, 1.1061211669921875, -0.33518823242187495, -9.528922607421874, 0.11679389312977145, 0.28916793893129766, 1.8375954198473163, -0.19745220511474648, -0.36749319542236325, -0.04639483977051739
16.399999999999963, 1.0797849487304687, -0.0526724365234375, -9.3852705078125, -0.6236641221374042, -0.5734274809160306, 0.31087786259540806, -0.22378842337646532, -0.0849773995239258, 0.09725725983885702
16.499999999999964, 1.22583125, -0.181959326171875, -9.548076220703125, -1.2343511450381675, 1.403671755725191, 1.5704198473282336, -0.0777421221069341, -0.2142642891723633, -0.06554845305176826
16.599999999999966, 1.0654197387695312, -0.29448680419921874, -9.37808790283203, -0.8145038167938927, 1.5716106870229005, -0.6814885496183329, -0.2381536333374028, -0.32679176719970704, 0.10443986481932654
16.699999999999967, 1.024718310546875, -0.20350714111328125, -9.442731347656249, -0.9519083969465645, 0.3807709923664122, -0.238740458015279, -0.2788550615600591, -0.23581210411376954, 0.03979641999510797
16.79999999999997, 1.1372457885742187, -0.2705447875976562, -9.382876306152344, -0.31832061068702244, -0.4207557251908397, 0.539885496183194, -0.16632758353271537, -0.3028497505981445, 0.09965146149901294
16.89999999999997, 1.1755530151367186, -0.35194764404296874, -9.512163195800781, -0.15801526717557207, -0.7719007633587787, -0.11660305343512611, -0.1280203569702154, -0.38425260704345704, -0.029635428149424214
16.99999999999997, 1.0127473022460938, -0.3016694091796875, -9.634267480468749, 0.7656488549618325, -0.8253358778625954, 0.036068702290064536, -0.29082606986084025, -0.3339743721801758, -0.15173971281739185
17.099999999999973, 1.0630255371093749, -0.29927520751953124, -9.629479077148437, 0.2389312977099241, 2.0754274809160305, 0.8604961832060951, -0.24054783499755916, -0.33158017052001953, -0.14695130949708002
17.199999999999974, 1.1061211669921875, -0.24899697265624998, -9.548076220703125, 0.24656488549618366, 2.609778625954198, -3.574618320610698, -0.19745220511474648, -0.2813019356567383, -0.06554845305176826
17.299999999999976, 1.0654197387695312, -0.25139117431640623, -9.452308154296874, -11.86793893129771, 3.5945114503816793, -0.7043893129771099, -0.2381536333374028, -0.2836961373168945, 0.030219613354482533
17.399999999999977, 0.7350199096679687, -0.5817910034179687, -9.229647399902344, -0.5625954198473277, -0.1764809160305344, -6.108969465648866, -0.5685534624389653, -0.6140959664184571, 0.2528803677490128
17.49999999999998, 0.8906430175781249, -0.584185205078125, -9.208099584960937, 2.674045801526718, -2.283351145038168, 2.5933206106870106, -0.4129303545288091, -0.6164901680786132, 0.2744281826904196
17.59999999999998, 1.216254443359375, -0.2825157958984375, -9.557653027343749, 0.14732824427480956, 0.1517633587786259, 0.33377862595418684, -0.08731892874755909, -0.3148207588989258, -0.07512525969239192
17.69999999999998, 1.0486603271484374, -0.33758243408203126, -9.358934289550781, -2.9824427480916027, -1.9016717557251908, -5.032633587786271, -0.25491304495849665, -0.36988739708251955, 0.12359347810057564
17.799999999999983, 0.6248866333007812, -0.70868369140625, -9.665392102050781, 8.841984732824427, 34.91512213740458, 7.234541984732813, -0.6786867388061528, -0.7409886544067383, -0.18286433439942407
17.899999999999984, 0.5674257934570313, 0.16759411621093748, -10.565611926269531, -8.959541984732825, 0.251, -19.35324427480917, -0.7361475786499028, 0.13528915321044918, -1.083084158618174
17.999999999999986, 0.833182177734375, -1.177947216796875, -8.93755479736328, 6.903053435114504, -17.642129770992366, 5.753625954198462, -0.47039119437255905, -1.2102521797973633, 0.544972970288077
18.099999999999987, 0.928950244140625, -0.16519991455078123, -9.229647399902344, 3.338167938931298, -14.649763358778626, 16.860496183206095, -0.37462312796630903, -0.19750487755126953, 0.2528803677490128
18.19999999999999, 1.9488801513671874, -0.00718260498046875, -9.421183532714844, 0.773282442748092, 10.495274809160305, 1.7994274809160196, 0.6453067792602534, -0.039487567980957046, 0.061344234936512976
18.29999999999999, 0.9457096557617187, 0.14604630126953125, -9.842563024902343, 2.819083969465649, 2.548709923664122, -6.032633587786271, -0.3578637163452153, 0.11374133826904295, -0.3600352572509866
18.39999999999999, 1.2689268798828124, -0.3902548706054687, -9.208099584960937, 0.8954198473282449, 22.541076335877865, 11.12003816793892, -0.03464649222412164, -0.422559833605957, 0.2744281826904196
18.499999999999993, -0.1197100830078125, 0.21787235107421873, -9.883264453125, -4.68473282442748, 28.319702290076336, -0.5593511450381801, -1.4232834551147464, 0.18556738807373044, -0.4007366854736425
18.599999999999994, -0.6344634399414062, -0.1771709228515625, -9.112331518554686, -0.7381679389312973, -18.726099236641222, 17.63912213740457, -1.9380368120483402, -0.2094758858520508, 0.37019624909667037
18.699999999999996, -0.143652099609375, -0.040701428222656245, -9.701305126953125, 7.5671755725190835, -31.848236641221373, -14.154770992366423, -1.447225471716309, -0.07300639122314453, -0.21877735930176812
18.799999999999997, 1.2378022583007813, -0.7398083129882812, -9.435548742675781, 0.8877862595419852, -18.35968702290076, 4.2574427480915915, -0.06577111380615275, -0.7721132759887694, 0.04697902497557571
18.9, 0.7158662963867187, -0.507570751953125, -9.969455712890625, 2.6358778625954202, 6.2357328244274814, 8.608587786259532, -0.5877070757202153, -0.5398757149536133, -0.48692794523926786
19.0, 1.0319009155273438, -0.06943184814453125, -9.349357482910156, 0.26183206106870277, 3.4723740458015264, 3.967366412213728, -0.27167245657959027, -0.10173681114501955, 0.13317028474120107
19.1, 1.7405846069335937, -0.39743747558593745, -9.028534460449219, 8.009923664122137, 43.60214503816794, -0.29980916030535454, 0.4370112348266597, -0.42974243858642575, 0.45399330720213804
19.200000000000003, -0.8858546142578124, -0.4429273071289062, -9.576806640625, -0.31832061068702244, 24.625045801526717, 1.29561068702289, -2.1894279863647466, -0.4752322701293945, -0.09427887297364279
19.300000000000004, -0.08379705810546874, -0.6081272216796875, -9.255983618164063, 9.834351145038168, -19.07724427480916, -6.20057251908398, -1.3873704302124028, -0.6404321846801757, 0.22654414948729418
19.400000000000006, 0.033518823242187495, -0.3112462158203125, -8.736441857910156, -3.7916030534351144, -26.87113740458015, 13.349045801526705, -1.2700545488647466, -0.3435511788208008, 0.7460859097412005
19.500000000000007, 1.1707646118164061, 0.4740519287109375, -9.380482104492186, -1.3030534351145033, -9.451290076335878, -3.2082061068702403, -0.1328087602905279, 0.4417469657104492, 0.10204566315917063
19.60000000000001, 0.2537853759765625, -0.4165910888671875, -10.050858569335936, -2.043511450381679, 2.1899312977099235, -5.124236641221385, -1.0497879961303715, -0.4488960518676758, -0.5683308016845796
19.70000000000001, 1.4604630126953124, -0.7278373046875, -9.497797985839844, 3.406870229007634, 9.541076335877863, 5.929198473282431, 0.1568896405883784, -0.7601422676879883, -0.01527021818848695
19.80000000000001, 0.15562310791015624, -0.1197100830078125, -9.464279162597656, -8.570229007633587, 38.66321374045802, -3.3837786259542098, -1.1479502641967778, -0.1520150460083008, 0.018248605053701183
19.900000000000013, -1.3862427612304686, -0.948103857421875, -9.583989245605467, 1.9259541984732829, -12.947473282442749, 23.829961832061052, -2.689816133337403, -0.9804088204223633, -0.10146147795411053
20.000000000000014, -0.1197100830078125, 0.229843359375, -9.80665, 4.12442748091603, -23.92457251908397, -9.124236641221385, -1.4232834551147464, 0.1975383963745117, -0.32412223234864257
20.100000000000016, 0.8810662109374999, -0.469263525390625, -9.162609753417968, -2.02824427480916, -24.749, 2.097137404580142, -0.4225071611694341, -0.5015684883911133, 0.31991801423338906
20.200000000000017, 0.814028564453125, -0.1197100830078125, -9.6917283203125, -0.593129770992366, -1.0390763358778625, -2.360877862595431, -0.48954480765380903, -0.1520150460083008, -0.20920055266114268
20.30000000000002, 0.7015010864257812, -0.19393033447265623, -9.423577734375, -4.738167938931298, -9.901671755725191, 3.4788167938931185, -0.6020722856811528, -0.22623529747314453, 0.05895003327635706
20.40000000000002, 1.7717092285156248, -0.6488286499023437, -9.157821350097656, -0.26488549618320567, 26.63267938931298, -5.429580152671767, 0.4681358564086908, -0.681133612902832, 0.3247064175537009
20.50000000000002, -0.19153613281249998, -0.28012159423828126, -9.773131176757811, 3.612977099236642, 31.07542748091603, 5.394847328244264, -1.495109504919434, -0.31242655723876955, -0.29060340910645444
20.600000000000023, -0.41419688720703124, -0.40940848388671874, -9.622296472167967, -2.440458015267175, -24.39785496183206, -20.712022900763372, -1.7177702593139652, -0.44171344688720704, -0.1397687045166105
20.700000000000024, 0.2657563842773437, -0.2537853759765625, -9.145850341796875, -4.34885496183206, -30.787167938931297, 16.379580152671743, -1.0378169878295904, -0.2860903389770508, 0.33667742585448224
20.800000000000026, 0.8858546142578124, 0.19871873779296872, -9.457096557617186, -1.0053435114503813, -16.90930534351145, -0.6814885496183329, -0.4177187578491216, 0.16641377479248043, 0.025431210034170704
20.900000000000027, 0.842758984375, -0.19871873779296872, -10.062829577636718, -4.1198473282442745, 5.556343511450382, 1.745992366412203, -0.46081438773193406, -0.23102370079345702, -0.580301809985361
21.00000000000003, 1.3479355346679687, -0.6368576416015624, -9.593566052246093, 4.086259541984733, 2.91512213740458, -8.513549618320623, 0.044362162561034646, -0.6691626046020507, -0.11103828459473597
21.10000000000003, 1.8339584716796873, -0.0718260498046875, -9.414000927734374, -4.722900763358778, 43.90748854961832, 3.7841603053435, 0.5303850995727533, -0.1041310128051758, 0.0685268399169825
21.20000000000003, -0.011971008300781249, -0.3950432739257812, -9.533711010742186, -1.0969465648854957, 22.151763358778627, -1.131870229007646, -1.3155443804077154, -0.4273482369262695, -0.05118324309082922
21.300000000000033, -0.0526724365234375, -0.3806780639648437, -8.789114294433594, -2.9824427480916027, -18.07724427480916, 6.287977099236629, -1.3562458086303715, -0.412983026965332, 0.6934134732177633
21.400000000000034, 1.0558429321289062, -0.13168109130859373, -9.074024291992187, 8.11679389312977, -28.70319847328244, -14.20057251908398, -0.2477304399780278, -0.16398605430908203, 0.40850347565917033
21.500000000000036, 1.197100830078125, -0.7900865478515624, -9.220070593261719, 2.506106870229008, -11.90930534351145, 9.509351145038158, -0.10647254202880907, -0.8223915108520508, 0.2624571743896382
21.600000000000037, 1.0438719238281249, -0.36391865234375, -10.038887561035155, -0.3641221374045797, 0.19756488549618317, 5.219274809160295, -0.25970144827880914, -0.3962236153442383, -0.5563597933837983
21.70000000000004, 1.0582371337890624, -0.09576806640624999, -9.425971936035156, -2.241984732824427, 0.25863358778625956, -5.574618320610698, -0.24533623831787166, -0.1280730294067383, 0.056555831616201147
21.80000000000004, 1.1372457885742187, -0.47884033203125, -9.466673364257812, 6.338167938931298, 41.93802290076336, -0.17767175572520166, -0.16632758353271537, -0.5111452950317383, 0.01585440339354527
21.90000000000004, -0.9074024291992187, 0.13168109130859373, -10.141838232421874, -4.631297709923664, 8.861687022900762, -7.238740458015279, -2.2109758013061525, 0.09937612830810544, -0.6593104647705168
22.000000000000043, 0.7493851196289062, -0.7015010864257812, -9.107543115234375, 2.1931297709923667, -14.970374045801528, 1.3261450381679278, -0.5541882524780278, -0.7338060494262695, 0.3749846524169822
22.100000000000044, 0.39264907226562495, -0.32561142578124996, -9.047688073730468, -1.4709923664122133, -26.08487786259542, 7.364312977099226, -0.9109242998413091, -0.35791638878173826, 0.43483969392088895
22.200000000000045, 2.2744915771484373, 0.1292868896484375, -9.437942944335937, -3.8221374045801526, -7.458923664122137, -4.399045801526729, 0.9709182050415033, 0.09698192664794919, 0.0445848233154198
22.300000000000047, 0.9888052856445312, -0.35673604736328124, -10.062829577636718, 1.9641221374045805, 1.632679389312977, -5.368511450381691, -0.31476808646240284, -0.38904101036376953, -0.580301809985361
22.40000000000005, 1.7405846069335937, -0.05027823486328125, -9.533711010742186, 2.6664122137404584, 25.3273358778626, 5.524618320610676, 0.4370112348266597, -0.08258319786376955, -0.05118324309082922
22.50000000000005, 0.3447650390625, 0.13407529296874998, -9.909600671386718, -4.87557251908397, 31.533442748091606, 0.1505725190839584, -0.958808333044434, 0.10177032996826169, -0.4270729037353611
22.60000000000005, -1.0702081420898437, -0.2442085693359375, -9.306261853027344, 4.231297709923664, -17.36732061068702, 18.936832061068692, -2.3737815141967777, -0.2765135323364258, 0.17626591462401286
22.700000000000053, -0.04548983154296875, 0.1771709228515625, -10.105925207519531, 6.6664122137404584, -27.58869465648855, -13.8570610687023, -1.3490632036499028, 0.1448659598510742, -0.6233974398681745
22.800000000000054, 1.1061211669921875, -0.6081272216796875, -9.404424121093749, 2.2465648854961833, -15.451290076335878, 2.2498091603053325, -0.19745220511474648, -0.6404321846801757, 0.07810364655760793
22.900000000000055, 0.7661445312499999, -0.36631285400390623, -10.151415039062499, 4.719847328244275, 3.8693206106870224, 4.425381679389302, -0.5374288408569341, -0.3986178170043945, -0.6688872714111422
23.000000000000057, 0.9361328491210937, 0.1580173095703125, -9.430760339355468, -0.875572519083969, 1.0525267175572517, 5.135305343511439, -0.3674405229858403, 0.1257123465698242, 0.05176742829588932
23.10000000000006, 1.9991583862304687, -0.26815058593749996, -9.196128576660156, 4.162595419847329, 38.18229770992367, -3.2082061068702403, 0.6955850141235347, -0.30045554893798826, 0.2863991909912009
23.20000000000006, -1.177947216796875, -0.047884033203124995, -9.682151513671874, -1.4480916030534348, 27.29680152671756, 2.959732824427469, -2.481520588903809, -0.08018899620361329, -0.19962374602051725
23.30000000000006, -0.3232172241210937, -0.5219359619140624, -8.9255837890625, 5.322900763358779, -18.145946564885495, -14.07843511450383, -1.6267905962280278, -0.5542409249145508, 0.5569439785888566
23.400000000000063, 0.21308394775390624, 0.0526724365234375, -8.973467822265624, -4.241984732824427, -26.634496183206107, 13.219274809160295, -1.0904894243530279, 0.020367473522949202, 0.509059945385733
23.500000000000064, 1.1444283935546875, 0.4333505004882812, -9.344569079589844, 0.13969465648855, -8.06197709923664, -2.4372137404580263, -0.15914497855224652, 0.4010455374877929, 0.1379586880615129
23.600000000000065, 0.3950432739257812, -0.01915361328125, -10.01015714111328, -1.6618320610687018, 8.113595419847327, -3.780725190839706, -0.9085300981811528, -0.05145857628173829, -0.5276293734619237
23.700000000000067, 0.6153098266601562, -0.6631938598632812, -9.074024291992187, 1.5824427480916035, 4.58687786259542, 2.2574427480915915, -0.6882635454467778, -0.6954988228637695, 0.40850347565917033
23.800000000000068, 0.5027823486328125, 0.105344873046875, -9.677363110351562, -8.486259541984731, 33.388404580152674, -2.6585877862595533, -0.8007910234741216, 0.0730399100463867, -0.19483534270020542
23.90000000000007, -0.12449848632812499, -0.9337386474609375, -10.218452685546874, 1.6511450381679393, -3.817702290076336, 14.891030534351133, -1.4280718584350591, -0.9660436104614258, -0.7359249178955167
24.00000000000007, -0.01915361328125, 0.16519991455078123, -9.375693701171874, 2.8496183206106873, -24.810068702290074, -13.025000000000011, -1.322726985388184, 0.13289495155029293, 0.10683406647948246
24.100000000000072, 0.852335791015625, -0.2657563842773437, -8.99501563720703, 1.689312977099237, -33.497091603053434, -0.19293893129772144, -0.45123758109130907, -0.298061347277832, 0.4875121304443262
24.200000000000074, 1.254561669921875, -0.3854664672851562, -10.026916552734374, 5.65114503816794, 3.067793893129771, -1.5288167938931405, -0.049011702185059125, -0.4177714302856445, -0.5443887850830169
24.300000000000075, 1.2473790649414063, -0.2657563842773437, -9.797073193359374, 1.2312977099236646, -3.672664122137405, 12.677290076335867, -0.05619430716552776, -0.298061347277832, -0.31454542570801713
24.400000000000077, 1.5370774658203123, -0.08140285644531249, -8.968679418945312, 7.994656488549619, 39.95329007633588, -0.37614503816794986, 0.23350409371337832, -0.11370781944580079, 0.5138483487060448
24.500000000000078, -0.6057330200195312, 0.16519991455078123, -9.222464794921875, -1.1885496183206103, 16.94565648854962, -1.918129770992378, -1.9093063921264652, 0.13289495155029293, 0.2600629727294823
24.60000000000008, 0.32561142578124996, -0.36391865234375, -9.167398156738281, 6.116793893129771, -19.161213740458013, -4.238740458015279, -0.9779619463256841, -0.3962236153442383, 0.31512961091307545
24.70000000000008, 0.39743747558593745, 0.07422025146484375, -8.95670841064453, -6.058778625954198, -21.382587786259542, 18.211641221374038, -0.9061358965209966, 0.04191528846435545, 0.5258193570068261
24.800000000000082, 1.8124106567382812, 0.6919242797851562, -9.68454571533203, -2.8908396946564885, -9.77190076335878, -6.941030534351157, 0.5088372846313471, 0.659619316784668, -0.20201794768067316
24.900000000000084, 1.9728221679687499, -0.16519991455078123, -10.228029492187499, -5.417557251908397, 3.58687786259542, -4.345610687022912, 0.6692487958618158, -0.19750487755126953, -0.7455017245361422
25.000000000000085, 1.2737152832031249, -0.22266075439453123, -9.5001921875, 0.5290076335877867, 10.105961832061068, 7.883396946564874, -0.029858088903809143, -0.2549657173950195, -0.017664419848642865
25.100000000000087, -0.354341845703125, 0.12210428466796874, -9.495403784179686, -9.52442748091603, 35.15939694656489, -2.4219465648855074, -1.657915217810059, 0.08979932166748045, -0.01287601652832926
25.200000000000088, -1.1827356201171875, -0.8116343627929687, -9.794678991699218, 4.750381679389314, -13.626862595419848, 23.21927480916029, -2.4863089922241217, -0.8439393257934571, -0.3121512240478612
25.30000000000009, -0.09576806640624999, 0.3591302490234375, -9.452308154296874, -0.677099236641221, -22.474190839694657, -12.38377862595421, -1.399341438513184, 0.3268252860229492, 0.030219613354482533
25.40000000000009, 1.216254443359375, -0.3232172241210937, -9.193734375, -0.9595419847328239, -20.993274809160305, -1.2845419847328365, -0.08731892874755909, -0.355522187121582, 0.28879339265135684
25.500000000000092, 1.0630255371093749, -0.6751648681640625, -10.053252770996092, 4.4450381679389315, 7.037259541984733, 1.753625954198462, -0.24054783499755916, -0.7074698311645509, -0.5707250033447355
25.600000000000094, 1.1444283935546875, 0.32561142578124996, -9.658209497070311, -0.31832061068702244, 3.4571068702290075, 12.501717557251895, -0.15914497855224652, 0.29330646278076167, -0.17568172941895455
25.700000000000095, 1.4724340209960938, -0.5386953735351562, -8.911218579101561, 8.941221374045801, 43.26626717557252, 0.09713740458014186, 0.16886064888915975, -0.5710003365356444, 0.5713091885497956
25.800000000000097, -0.2346317626953125, 0.062249243164062495, -9.45470235595703, -1.1961832061068698, 20.151763358778627, -1.4143129770992484, -1.5382051348022465, 0.0299442801635742, 0.02782541169432662
25.900000000000098, 0.36152445068359373, -0.6967126831054687, -8.882488159179687, 8.177862595419848, -17.7108320610687, -1.4830152671755847, -0.9420489214233403, -0.729017646105957, 0.6000396084716701
26.0000000000001, -0.086191259765625, 0.2705447875976562, -8.628702783203124, 0.08625954198473323, -28.504725190839693, 14.242175572519072, -1.389764631872559, 0.23823982459716792, 0.8538249844482326
26.1000000000001, 2.0877438476562498, 0.6943184814453125, -9.402029919433593, -1.4480916030534348, 0.999091603053435, 0.12767175572517964, 0.7841704755493157, 0.6620135184448241, 0.08049784821776385
26.200000000000102, -0.105344873046875, 0.1149216796875, -9.935936889648437, -2.19618320610687, -3.7642671755725194, -9.612786259541997, -1.408918245153809, 0.0826167166870117, -0.4534091219970797
26.300000000000104, 1.2330138549804688, -0.3902548706054687, -9.481038574218749, 1.4374045801526723, 7.357870229007634, 12.654389312977086, -0.07055951712646524, -0.422559833605957, 0.0014891934326080047
26.400000000000105, 0.0430956298828125, -0.12449848632812499, -9.777919580078125, -10.86030534351145, 33.6097786259542, -2.9791984732824544, -1.2604777422241216, -0.1568034493286133, -0.29539181242676804
26.500000000000107, -0.86191259765625, -0.5243301635742187, -9.770736975097655, -2.4709923664122133, -18.497091603053434, 19.26507633587785, -2.165485969763184, -0.5566351265747069, -0.2882092074462985
26.600000000000108, -0.3016694091796875, 0.22744915771484372, -9.284714038085937, 3.9717557251908397, -18.985641221374046, -11.788358778625966, -1.6052427812866215, 0.19514419471435543, 0.19781372956541965
26.70000000000011, 1.0917559570312498, -0.5003881469726562, -8.602366564941406, -2.1885496183206103, -19.3902213740458, -0.7807251908397053, -0.2118174150756842, -0.5326931099731445, 0.8801612027099512
26.80000000000011, 0.9337386474609375, -0.44053310546874996, -9.95987890625, 1.0099236641221379, 7.716648854961833, 4.074236641221363, -0.36983472464599654, -0.47283806846923826, -0.4773511385986424
26.900000000000112, 1.2785036865234374, 0.1005564697265625, -9.279925634765624, -0.29541984732824383, 9.510541984732823, 6.684923664122126, -0.025069685583496648, 0.0682515067260742, 0.20260213288573325
27.000000000000114, 1.1563994018554686, -0.10773907470703124, -9.765948571777344, 9.529007633587787, 41.86168702290077, 1.6162213740457894, -0.1471739702514654, -0.14004403770751955, -0.2834208041259867
27.100000000000115, -1.4604630126953124, 0.35673604736328124, -9.229647399902344, -4.028244274809159, 14.174664122137404, -7.162404580152684, -2.7640363848022464, 0.32443108436279294, 0.2528803677490128
27.200000000000117, 0.18435352783203124, -0.4955997436523437, -8.90643017578125, 8.987022900763359, -19.39785496183206, 3.6772900763358667, -1.1192198442749028, -0.527904706652832, 0.5760975918701075
27.300000000000118, 0.1388636962890625, -0.016759411621093748, -9.074024291992187, 1.3992366412213746, -35.443656488549614, 7.898664122137392, -1.1647096758178714, -0.049064374621582044, 0.40850347565917033
27.40000000000012, 1.6112977172851561, 0.3280056274414062, -9.483432775878907, -0.6007633587786255, 3.4876412213740458, 7.745992366412201, 0.3077243451782221, 0.2957006644409179, -0.0009050082275496862
27.50000000000012, 0.7900865478515624, -0.033518823242187495, -9.399635717773437, 0.8648854961832066, -9.901671755725191, -13.246374045801538, -0.5134868242553716, -0.06582378624267579, 0.08289204987791976
27.600000000000122, 1.216254443359375, -0.28969840087890625, -9.406818322753905, 3.3610687022900767, 20.45710687022901, 13.24980916030533, -0.08731892874755909, -0.32200336387939454, 0.07570944489745202
27.700000000000124, -0.5315127685546874, -0.05985504150390625, -9.543287817382812, -5.799236641221373, 30.968557251908397, 1.3872137404580034, -1.8350861406616215, -0.09216000450439454, -0.06076004973145466
27.800000000000125, -1.0295067138671874, 0.033518823242187495, -9.349357482910156, -2.829770992366412, -16.413122137404578, 13.860496183206097, -2.3330800859741214, 0.0012138602416991995, 0.13317028474120107
27.900000000000126, -0.181959326171875, 0.10773907470703124, -9.181763366699219, 8.040458015267175, -29.3902213740458, -17.276908396946578, -1.485532698278809, 0.07543411170654295, 0.3007644009521382
28.000000000000128, 0.7972691528320313, -0.5722141967773438, -9.229647399902344, -0.17328244274809118, -14.61159541984733, 8.341412213740446, -0.5063042192749028, -0.6045191597778321, 0.2528803677490128
28.10000000000013, 1.0917559570312498, 0.2059013427734375, -10.022128149414062, 3.1625954198473285, 6.228099236641222, -4.765458015267187, -0.2118174150756842, 0.1735963797729492, -0.5396003817627051
28.20000000000013, 0.4644751220703125, 0.10295067138671875, -9.399635717773437, 2.6587786259541986, -5.749, 4.860496183206095, -0.8390982500366215, 0.07064570838623045, 0.08289204987791976
28.300000000000132, 1.2904746948242187, -0.44532150878906246, -9.093177905273437, 9.078625954198474, 40.49527480916031, 4.7001908396946455, -0.013098677282715299, -0.47762647178955075, 0.38934986237791946
28.400000000000134, -0.354341845703125, 0.11013327636718749, -9.526528405761718, 1.5977099236641228, 22.144129770992368, 6.120038167938921, -1.657915217810059, 0.0778283133666992, -0.04400063811036148
28.500000000000135, -0.14604630126953125, -0.3447650390625, -9.167398156738281, 5.97175572519084, -24.794801526717556, -11.750190839694667, -1.4496196733764652, -0.3770700020629883, 0.31512961091307545
28.600000000000136, 0.28012159423828126, -0.3495534423828125, -8.796296899414061, -5.738167938931298, -27.268083969465646, 13.47118320610686, -1.0234517778686527, -0.3818584053833008, 0.6862308682372955
28.700000000000138, 1.47482822265625, 0.7661445312499999, -9.744400756835937, -1.4633587786259536, -13.832969465648855, -6.8570610687023015, 0.17125485054931588, 0.7338395682495116, -0.2618729891845799
28.80000000000014, 0.6009446166992187, -0.17238251953125, -9.983820922851562, -3.02824427480916, 2.632679389312977, -3.2998091603053545, -0.7026287554077153, -0.2046874825317383, -0.5012931552002051
28.90000000000014, 1.2761094848632812, -0.28730419921875, -9.272743029785156, 1.6740458015267181, 8.869320610687023, 4.501717557251897, -0.027463887243652785, -0.3196091622192383, 0.209784737866201
29.000000000000142, 0.8092401611328125, 0.047884033203124995, -9.660603698730467, -10.936641221374046, 39.77008396946565, -6.536450381679401, -0.49433321097412153, 0.0155790702026367, -0.17807593107911046
29.100000000000144, -0.04548983154296875, -1.16837041015625, -10.13226142578125, 4.1015267175572525, 6.663213740458016, 15.364312977099226, -1.3490632036499028, -1.2006753731567383, -0.6497336581298931
29.200000000000145, -0.6655880615234374, 0.0143652099609375, -9.088389501953124, -6.058778625954198, -17.90167175572519, -8.467748091603065, -1.9691614336303713, -0.017939753039550796, 0.39413826569823307
29.300000000000146, 0.9097966308593749, -0.0909796630859375, -9.0021982421875, -0.6694656488549614, -22.687931297709923, -8.589885496183218, -0.3937767412475591, -0.12328462608642579, 0.48032952546385665
29.400000000000148, 0.8690952026367187, -0.469263525390625, -9.830592016601562, 5.521374045801527, 1.3578702290076334, -0.4295801526717664, -0.43447816947021534, -0.5015684883911133, -0.34806424895020527
29.50000000000015, 0.34237083740234375, 0.0, -9.701305126953125, 1.6969465648854969, -6.443656488549618, 9.585687022900752, -0.9612025347045903, -0.032304963000488296, -0.21877735930176812
29.60000000000015, 0.9528922607421875, 0.00239420166015625, -9.435548742675781, 0.3534351145038172, 21.037259541984735, -11.750190839694667, -0.35068111136474656, -0.029910761340332045, 0.04697902497557571
29.700000000000152, -0.24181436767578124, 0.0047884033203125, -9.552864624023437, 4.383969465648855, 38.884587786259544, 5.959732824427469, -1.5453877397827154, -0.027516559680175797, -0.07033685637208009
29.800000000000153, -0.9409212524414062, -0.08858546142578125, -9.33978067626953, -3.8068702290076333, -15.863503816793894, -24.22347328244276, -2.24449462454834, -0.12089042442626954, 0.1427470913818265
29.900000000000155, 0.3399766357421875, -0.8307879760742187, -10.17056865234375, 4.269465648854962, -21.153580152671754, 17.341412213740448, -0.9635967363647465, -0.8630929390747071, -0.6880408846923931
30.000000000000156, 0.1771709228515625, 0.6416460449218749, -9.435548742675781, 3.628244274809161, -16.90167175572519, -1.7730916030534463, -1.1264024492553715, 0.6093410819213867, 0.04697902497557571
30.100000000000158, 0.6775590698242188, 0.34715924072265625, -9.751583361816406, -3.9748091603053433, 8.07542748091603, -0.5669847328244391, -0.6260143022827153, 0.31485427772216795, -0.2690555941650494
30.20000000000016, 0.33758243408203126, -0.18435352783203124, -9.334992272949219, 3.5442748091603056, -1.4970916030534354, -4.116603053435126, -0.9659909380249028, -0.21665849083251953, 0.14753549470213834
30.30000000000016, 1.0773907470703123, 0.8738836059570312, -9.026140258789061, -5.19618320610687, 32.02962595419847, 4.570419847328234, -0.22618262503662168, 0.8415786429565428, 0.45638750886229573
30.400000000000162, -0.7110778930664062, -0.0143652099609375, -9.303867651367186, -4.959541984732824, 27.678480916030537, -5.605152671755737, -2.0146512651733404, -0.046670172961425796, 0.17866011628417056
30.500000000000163, -0.842758984375, 0.22744915771484372, -9.04050546875, -4.730534351145038, -22.90167175572519, 9.234541984732813, -2.146332356481934, 0.19514419471435543, 0.4420222989013567
30.600000000000165, 0.023942016601562498, 0.4165910888671875, -8.738836059570312, 4.628244274809161, -43.10014503816794, -19.10896946564887, -1.2796313555053715, 0.3842861258666992, 0.7436917080810446
30.700000000000166, 1.216254443359375, -0.7326257080078125, -9.957484704589843, -0.33358778625954155, -11.75663358778626, 3.6696564885496077, -0.08731892874755909, -0.7649306710083008, -0.4749569369384865
30.800000000000168, 0.63206923828125, 0.04548983154296875, -10.283096130371094, 2.3763358778625956, 7.105961832061069, -0.7807251908397053, -0.6715041338256841, 0.013184868542480452, -0.8005683627197371
30.90000000000017, 0.9313444458007812, -0.031124621582031248, -9.13627353515625, -1.9442748091603048, 1.9761908396946564, 5.28034351145037, -0.3722289263061528, -0.06342958458251954, 0.34625423249510767
31.00000000000017, 1.3742717529296875, -0.5770026000976562, -8.98304462890625, 4.895419847328244, 37.563977099236645, 0.05896946564884331, 0.07069838082275348, -0.6093075630981446, 0.4994831387451075
31.100000000000172, -0.6679822631835937, 0.14604630126953125, -9.660603698730467, 0.9793893129770996, 28.365503816793893, 3.1582061068702174, -1.9715556352905277, 0.11374133826904295, -0.17807593107911046
31.200000000000173, -0.09576806640624999, -0.33758243408203126, -9.643844287109374, 3.8725190839694656, -21.51999236641221, -13.292175572519096, -1.399341438513184, -0.36988739708251955, -0.16131651945801728
31.300000000000175, -0.70868369140625, -0.1771709228515625, -9.05965908203125, -1.0282442748091598, -36.65739694656489, 19.120038167938922, -2.012257063513184, -0.2094758858520508, 0.4228686856201076
31.400000000000176, 0.9433154541015625, 0.7589619262695312, -9.430760339355468, 0.3839694656488554, -9.542893129770993, -4.002099236641233, -0.36025791800537155, 0.7266569632690429, 0.05176742829588932
31.500000000000178, 0.6607996582031249, -0.04548983154296875, -9.943119494628906, -5.570229007633587, 7.083061068702291, -2.0860687022900875, -0.6427737139038091, -0.07779479454345704, -0.46059172697754924
31.60000000000018, 0.6488286499023437, -0.26336218261718747, -9.399635717773437, 3.7580152671755727, 0.27390076335877855, -5.902862595419858, -0.6547447222045903, -0.29566714561767576, 0.08289204987791976
31.70000000000018, 0.7781155395507812, 0.6464344482421874, -8.999804040527343, -9.165648854961832, 39.54870992366412, -4.223473282442759, -0.5254578325561529, 0.6141294852416992, 0.48272372712401435
31.800000000000182, -0.354341845703125, -0.3399766357421875, -9.955090502929687, -0.5320610687022896, 17.182297709923667, -0.5440839694656603, -1.657915217810059, -0.3722815987426758, -0.4725627352783306
31.900000000000183, -0.26815058593749996, 0.143652099609375, -8.63827958984375, -6.799236641221373, -20.54289312977099, 0.6772900763358667, -1.571723958044434, 0.1113471366088867, 0.8442481778076072
32.000000000000185, 0.9409212524414062, -0.17956512451171874, -8.678981018066406, 2.6358778625954202, -24.4283893129771, -18.50591603053436, -0.3626521196655278, -0.21187008751220704, 0.8035467495849513
32.100000000000186, 0.9361328491210937, -0.8307879760742187, -9.595960253906249, 1.3763358778625958, -6.008541984732824, 6.639122137404568, -0.3674405229858403, -0.8630929390747071, -0.11343248625489188
32.20000000000019, 0.6919242797851562, 0.229843359375, -9.97903251953125, 0.24656488549618366, 4.037259541984733, 0.12767175572517964, -0.6116490923217778, 0.1975383963745117, -0.4965047518798933
32.30000000000019, 1.0414777221679687, -0.08379705810546874, -9.275137231445312, -0.890839694656488, 3.7700839694656483, -5.147137404580164, -0.2620956499389653, -0.11610202110595703, 0.20739053620604508
32.40000000000019, 0.852335791015625, -0.41898529052734373, -9.5001921875, 8.620610687022902, 43.90748854961832, 5.738358778625942, -0.45123758109130907, -0.45129025352783203, -0.017664419848642865
32.50000000000019, -1.0797849487304687, 0.7445967163085937, -8.94473740234375, -8.211450381679388, 2.968557251908397, -6.948664122137416, -2.3833583208374027, 0.7122917533081055, 0.5377903653076075
32.60000000000019, -0.1149216796875, -0.5147533569335937, -8.896853369140624, 9.216030534351145, -22.802435114503815, 1.8223282442747983, -1.4184950517944341, -0.5470583199340819, 0.5856743985107329
32.700000000000195, 0.8978256225585937, 0.20829554443359374, -9.198522778320312, -0.7305343511450377, -19.023809160305344, 10.4635496183206, -0.40574774954834036, 0.17599058143310545, 0.284004989331045
32.800000000000196, 1.3383587280273437, 0.5578489868164063, -9.507374792480467, -2.0053435114503815, -2.7413664122137407, -2.8723282442748204, 0.034785355920409655, 0.5255440238159179, -0.02484702482911061
32.9000000000002, 0.6464344482421874, -0.4333505004882812, -10.180145458984374, 0.574809160305344, 4.92275572519084, -3.589885496183218, -0.6571389238647466, -0.4656554634887695, -0.6976176913330168
33.0000000000002, 1.1563994018554686, -0.17238251953125, -9.457096557617186, 0.41450381679389353, 9.006725190839694, 12.692557251908385, -0.1471739702514654, -0.2046874825317383, 0.025431210034170704
33.1000000000002, -0.16759411621093748, -0.0526724365234375, -9.299079248046874, -11.661832061068703, 38.9303893129771, -7.88759541984734, -1.4711674883178716, -0.0849773995239258, 0.18344851960448239
33.2000000000002, -1.0606313354492187, -1.1635820068359375, -9.68454571533203, 5.864885496183207, 2.449473282442748, 15.93683206106869, -2.3642047075561528, -1.1958869698364258, -0.20201794768067316
33.3000000000002, -0.08140285644531249, 0.06464344482421874, -9.17458076171875, -7.7763358778625955, -23.344419847328243, -9.406679389312988, -1.3849762285522464, 0.03233848182373045, 0.3079470059326077
33.400000000000205, 0.47644613037109373, -0.488417138671875, -8.465897070312499, -2.6236641221374044, -17.344419847328243, -10.414312977099248, -0.8271272417358403, -0.5207221016723633, 1.016630697338858
33.500000000000206, 0.5985504150390625, -0.5722141967773438, -9.746794958496093, -0.7229007633587782, 3.41893893129771, 4.303244274809149, -0.7050229570678715, -0.6045191597778321, -0.2642671908447358
33.60000000000021, 0.4070142822265625, -0.2920926025390625, -9.591171850585937, -3.6389312977099233, -5.955106870229008, 1.0055343511450268, -0.8965590898803715, -0.3243975655395508, -0.10864408293458006
33.70000000000021, 1.0199299072265624, -0.28490999755859375, -9.576806640625, -3.9366412213740456, 10.548709923664122, -10.108969465648867, -0.2836434648803716, -0.31721496055908205, -0.09427887297364279
33.80000000000021, -0.143652099609375, -0.6392518432617187, -9.983820922851562, 8.513740458015267, 40.96092366412214, 8.959732824427471, -1.447225471716309, -0.671556806262207, -0.5012931552002051
33.90000000000021, -1.8459294799804686, 0.7493851196289062, -9.794678991699218, -1.0282442748091598, -12.825335877862596, -22.337977099236653, -3.1495028520874024, 0.717080156628418, -0.3121512240478612
34.00000000000021, 0.19871873779296872, -0.9696516723632812, -9.380482104492186, 4.567175572519084, -21.985641221374046, 13.028435114503806, -1.1048546343139654, -1.0019566353637694, 0.10204566315917063
34.100000000000215, 0.016759411621093748, 0.1292868896484375, -9.100360510253905, 3.933587786259542, -21.40548854961832, 4.142938931297698, -1.2868139604858402, 0.09698192664794919, 0.3821672573974517
34.200000000000216, 1.216254443359375, 0.0718260498046875, -9.521740002441407, -3.6923664122137403, 3.2204656488549617, -0.36087786259543186, -0.08731892874755909, 0.039521086804199204, -0.03921223479004965
34.30000000000022, -0.5674257934570313, -0.19632453613281248, -9.873687646484374, 2.338167938931298, -9.40548854961832, -11.941030534351157, -1.8709991655639653, -0.22862949913330077, -0.39115987883301706
34.40000000000022, 1.0630255371093749, -0.040701428222656245, -9.366116894531249, 0.3534351145038172, 22.426572519083972, 11.394847328244262, -0.24054783499755916, -0.07300639122314453, 0.1164108731201079
34.50000000000022, -0.6009446166992187, 0.11731588134765625, -9.93354268798828, -6.707633587786259, 28.808251908396947, -1.4295801526717664, -1.9045179888061528, 0.08501091834716795, -0.4510149203369238
34.60000000000022, -1.3024457031249999, -0.4213794921875, -9.244012609863281, -2.173282442748091, -22.4283893129771, 16.226908396946556, -2.606019075231934, -0.4536844551879883, 0.23851515778807553
34.70000000000022, 0.06703764648437499, -0.26336218261718747, -9.665392102050781, 4.910687022900763, -36.6344961832061, -18.40667938931299, -1.236535725622559, -0.29566714561767576, -0.18286433439942407
34.800000000000225, 1.0319009155273438, -0.7972691528320313, -9.064447485351561, -2.661832061068702, -15.970374045801528, 1.5627862595419728, -0.27167245657959027, -0.8295741158325196, 0.41808028229979577
34.900000000000226, 0.97683427734375, -0.258573779296875, -10.050858569335936, 1.6587786259541988, 8.602145038167938, 1.7383587786259422, -0.3267390947631841, -0.29087874229736327, -0.5683308016845796
35.00000000000023, 1.0965443603515623, -0.5506663818359374, -9.172186560058593, -3.562595419847328, 1.6937480916030534, 5.677290076335867, -0.2070290117553717, -0.5829713448364258, 0.3103412075927636
35.10000000000023, 1.5107412475585937, -0.9409212524414062, -9.267954626464844, 5.177862595419848, 41.9303893129771, 3.2345419847328127, 0.2071678754516597, -0.9732262154418945, 0.21457314118651283
35.20000000000023, -0.8092401611328125, -0.5722141967773438, -9.437942944335937, -0.08931297709923619, 23.518175572519084, 3.211641221374034, -2.1128135332397466, -0.6045191597778321, 0.0445848233154198
35.30000000000023, -0.04548983154296875, -0.7805097412109374, -9.141061938476563, 10.170229007633589, -19.107778625954197, -7.0784351145038285, -1.3490632036499028, -0.8128147042114258, 0.34146582917479407
35.40000000000023, -0.086191259765625, -0.44053310546874996, -9.018957653808593, -3.1045801526717556, -30.100145038167938, 17.33377862595419, -1.389764631872559, -0.47283806846923826, 0.4635701138427635
35.500000000000234, 1.1516109985351561, 0.4429273071289062, -9.471461767578125, -3.799236641221374, -9.603961832061069, -6.727290076335889, -0.1519623735717779, 0.4106223441284179, 0.011066000073231663
35.600000000000236, 0.229843359375, -0.5339069702148437, -9.9215716796875, -2.677099236641221, 6.006725190839695, -7.9639312977099355, -1.073730012731934, -0.5662119332153319, -0.43904391203614246
35.70000000000024, 0.9935936889648437, -0.8212111694335937, -9.200916979980468, 0.12442748091603101, 3.9380229007633587, 1.6314885496183091, -0.30997968314209035, -0.8535161324340821, 0.2816107876708891
35.80000000000024, 0.63206923828125, 0.1484405029296875, -9.923965881347655, -10.272519083969465, 34.05252671755726, -4.505916030534363, -0.6715041338256841, 0.1161355399291992, -0.4414381136962984
35.90000000000024, -0.39264907226562495, -1.2928688964843749, -10.084377392578125, 2.1931297709923667, 6.991458015267176, 11.585687022900752, -1.6962224443725589, -1.3251738594848632, -0.6018496249267677
36.00000000000024, -0.2920926025390625, 0.08140285644531249, -9.210493786621093, -6.066412213740458, -15.955106870229008, -7.20057251908398, -1.5956659746459965, 0.049097893444824195, 0.27203398103026366
36.10000000000024, 0.4285620971679687, -0.26336218261718747, -8.444349255371094, 1.7122137404580158, -21.153580152671754, -11.261641221374058, -0.8750112749389654, -0.29566714561767576, 1.038178512280263
36.200000000000244, 0.9816226806640624, -0.7541735229492187, -9.782707983398437, 0.08625954198473323, 4.006725190839695, 4.226908396946554, -0.3219506914428716, -0.7864784859497069, -0.30018021574707987
36.300000000000246, 0.430956298828125, -0.46208092041015625, -10.072406384277343, 5.399236641221374, -6.161213740458015, 5.761259541984721, -0.872617073278809, -0.49438588341064454, -0.5898786166259864
36.40000000000025, 1.0462661254882812, -0.3591302490234375, -9.835380419921874, -7.066412213740458, 17.518175572519084, -9.467748091603065, -0.2573072466186528, -0.3914352120239258, -0.3528526522705171
36.50000000000025, -0.44532150878906246, -0.5434837768554687, -9.751583361816406, 3.811450381679389, 37.189931297709926, 8.043702290076324, -1.7488948808959965, -0.5757887398559569, -0.2690555941650494
36.60000000000025, -1.4772224243164063, 0.181959326171875, -9.80665, -0.7916030534351141, -17.168847328244272, -26.10896946564887, -2.78079579642334, 0.1496543631713867, -0.32412223234864257
36.70000000000025, -0.05027823486328125, -0.7445967163085937, -9.634267480468749, 2.620610687022901, -24.329152671755725, 20.692557251908383, -1.3538516069702153, -0.7769016793090819, -0.15173971281739185
36.80000000000025, 0.22505495605468748, 0.5410895751953124, -9.588777648925781, 1.9793893129770999, -16.6726641221374, -3.6433206106870344, -1.0785184160522465, 0.5087846121948241, -0.10624988127442414
36.900000000000254, 0.41898529052734373, -0.411802685546875, -9.813832604980469, -8.280152671755724, 2.58687786259542, 1.8757633587786149, -0.8845880815795903, -0.4441076485473633, -0.3313048373291121
37.000000000000256, 0.565031591796875, -0.6607996582031249, -9.358934289550781, 7.017557251908397, -2.6573969465648855, -0.3456106870229121, -0.738541780310059, -0.6931046212036132, 0.12359347810057564
37.10000000000026, 0.8283937744140625, 0.12210428466796874, -9.471461767578125, -4.715267175572519, 32.9685572519084, -1.2921755725190955, -0.47517959769287155, 0.08979932166748045, 0.011066000073231663
37.20000000000026, -0.8116343627929687, -0.7278373046875, -9.287108239746093, -7.264885496183206, 25.701381679389314, -4.124236641221385, -2.1152077348999025, -0.7601422676879883, 0.19541952790526373
37.30000000000026, -1.3263877197265623, -0.5267243652343749, -9.160215551757812, 4.513740458015268, -28.474190839694657, 12.318511450381669, -2.629961091833496, -0.5590293282348633, 0.322312215893545
37.40000000000026, -0.45489831542968745, -0.15083470458984374, -9.464279162597656, 3.7809160305343514, -38.130679389312974, -16.17003816793894, -1.7584716875366215, -0.18313966759033204, 0.018248605053701183
37.50000000000026, 1.1109095703125, -1.149216796875, -9.610325463867188, -4.493893129770992, -10.413122137404581, -0.6509541984732934, -0.192663801794434, -1.1815217598754884, -0.12779769621583092
37.600000000000264, 0.6248866333007812, -0.45489831542968745, -10.146626635742187, 2.200763358778626, 7.518175572519084, 1.7001908396946455, -0.6786867388061528, -0.48720327843017575, -0.6640988680908304
37.700000000000266, 0.9337386474609375, -0.8714894042968749, -9.215282189941405, -4.18854961832061, 3.800618320610687, 6.776526717557241, -0.36983472464599654, -0.9037943672973632, 0.26724557770995183
37.80000000000027, 1.2282254516601563, -0.8906430175781249, -8.959102612304687, 5.811450381679389, 42.39603816793893, 5.829961832061057, -0.07534792044677774, -0.9229479805786132, 0.5234251553466702
37.90000000000027, -0.7038952880859375, -0.6703764648437499, -9.5384994140625, 0.009923664122137799, 24.838786259541987, 6.845229007633575, -2.0074686601928713, -0.7026814278442381, -0.05597164641114283
38.00000000000027, -0.4429273071289062, -1.1276689819335937, -9.248801013183593, 12.040458015267175, -19.51999236641221, -3.4219465648855074, -1.7465006792358402, -1.159973944934082, 0.2337267544677637
38.10000000000027, 0.14604630126953125, -0.5339069702148437, -8.82981572265625, -2.394656488549618, -23.947473282442747, 17.58568702290075, -1.1575270708374028, -0.5662119332153319, 0.6527120449951074
38.20000000000027, 1.0103531005859374, 0.3136404174804687, -9.507374792480467, 2.368702290076336, -9.123045801526718, -4.04790076335879, -0.2932202715209966, 0.28133545447998043, -0.02484702482911061
38.300000000000274, 0.26815058593749996, -0.5123591552734374, -10.141838232421874, 2.2312977099236644, 5.189931297709924, -2.467748091603065, -1.035422786169434, -0.5446641182739258, -0.6593104647705168
38.400000000000276, 0.689530078125, -0.36391865234375, -9.366116894531249, 1.9335877862595423, 4.594511450381679, 4.768893129770982, -0.614043293981934, -0.3962236153442383, 0.1164108731201079
38.50000000000028, 0.201112939453125, -0.18914193115234373, -9.528922607421874, 1.3992366412213746, 3.808251908396947, 0.2574427480915915, -1.102460432653809, -0.22144689415283203, -0.04639483977051739
38.60000000000028, 0.16519991455078123, -0.3232172241210937, -9.234435803222656, 3.4450381679389315, -0.7566335877862596, 3.95209923664121, -1.1383734575561528, -0.355522187121582, 0.24809196442870096
38.70000000000028, 0.1867477294921875, -0.16041151123046873, -9.447519750976562, 0.3687022900763363, -7.069610687022901, 1.8299618320610573, -1.1168256426147465, -0.19271647423095703, 0.03500801667479436
38.80000000000028, 0.44053310546874996, -0.3447650390625, -9.53131680908203, -0.37938931297709877, -5.7566335877862596, -0.6127862595419966, -0.863040266638184, -0.3770700020629883, -0.04878904143067331
38.90000000000028, 0.7996633544921875, -0.30885201416015623, -9.442731347656249, 0.07099236641221424, -4.527625954198473, 0.2574427480915915, -0.5039100176147465, -0.3411569771606445, 0.03979641999510797
39.000000000000284, 0.4740519287109375, -0.19871873779296872, -9.504980590820312, 0.3381679389312982, -3.5276259541984736, 1.3414122137404458, -0.8295214433959965, -0.23102370079345702, -0.022452823168954694
39.100000000000286, 0.6871358764648438, -0.201112939453125, -9.418789331054686, -0.4709923664122133, 3.0983282442748092, -1.009732824427493, -0.6164374956420903, -0.2334179024536133, 0.06373843659667067
39.20000000000029, 0.6967126831054687, -0.23702596435546874, -9.45470235595703, 0.07862595419847368, 0.4265725190839694, -0.4524809160305452, -0.6068606890014653, -0.26933092735595704, 0.02782541169432662
39.30000000000029, 0.4644751220703125, -0.4261678955078125, -9.409212524414063, 0.9030534351145043, 1.617412213740458, 0.21927480916029474, -0.8390982500366215, -0.4584728585083008, 0.07331524323729433
39.40000000000029, 0.37828386230468747, -0.30406361083984373, -9.526528405761718, 0.9793893129770996, -2.4741908396946566, -0.9486641221374157, -0.9252895098022466, -0.33636857384033203, -0.04400063811036148
39.50000000000029, 0.7948749511718749, -0.22026655273437498, -9.495403784179686, 0.1931297709923669, -0.8253358778625954, -0.8494274809160416, -0.5086984209350591, -0.25257151573486325, -0.01287601652832926
39.60000000000029, 0.5482721801757812, -0.12449848632812499, -9.495403784179686, -0.761068702290076, -2.7642671755725194, -3.666221374045813, -0.7553011919311529, -0.1568034493286133, -0.01287601652832926
39.700000000000294, 0.5003881469726562, -0.16519991455078123, -9.521740002441407, -1.791603053435114, -4.749, -0.1318702290076459, -0.8031852251342778, -0.19750487755126953, -0.03921223479004965
39.800000000000296, 0.814028564453125, -0.2753331909179687, -9.5001921875, -0.18091603053435068, -2.3444198473282443, 1.2803435114503703, -0.48954480765380903, -0.307638153918457, -0.017664419848642865
39.9000000000003, 0.6057330200195312, -0.24181436767578124, -9.502586389160156, 0.11679389312977145, -4.916938931297709, 0.13530534351143864, -0.6978403520874028, -0.27411933067626953, -0.02005862150879878
40.0000000000003, 0.8906430175781249, -0.07422025146484375, -9.392453112792968, 0.49083969465648897, 0.06016030534351141, -2.0784351145038285, -0.4129303545288091, -0.10652521446533204, 0.09007465485838928
40.1000000000003, 0.6200982299804687, -0.2920926025390625, -9.354145886230468, 0.8419847328244279, 0.06779389312977097, -1.345610687022912, -0.6834751421264653, -0.3243975655395508, 0.12838188142088924
40.2000000000003, 0.7062894897460937, -0.12210428466796874, -9.524134204101562, 2.238931297709924, 0.47237404580152664, 0.9597328244274692, -0.5972838823608403, -0.15440924766845704, -0.041606436450205564
40.3000000000003, 0.8547299926757812, 0.14604630126953125, -9.330203869628905, 1.956488549618321, -5.268083969465649, -0.17767175572520166, -0.4488433794311528, 0.11374133826904295, 0.15232389802245194
40.400000000000304, 0.8547299926757812, -0.17238251953125, -9.598354455566406, 1.109160305343512, -5.352053435114503, 0.8986641221373937, -0.4488433794311528, -0.2046874825317383, -0.11582668791504958
40.500000000000306, 1.0534487304687499, -0.09816226806640624, -9.354145886230468, 0.4526717557251913, -5.023809160305343, -4.834160305343523, -0.25012464163818415, -0.13046723106689453, 0.12838188142088924
40.60000000000031, 1.3048399047851562, -0.00718260498046875, -9.555258825683593, -0.13511450381679346, -0.6115954198473283, -0.5135496183206225, 0.0012665326782221875, -0.039487567980957046, -0.072731058032236
40.70000000000031, 1.3575123413085937, -0.1771709228515625, -9.794678991699218, -0.11984732824427435, -0.5047251908396947, 3.875763358778615, 0.05393896920165964, -0.2094758858520508, -0.3121512240478612
40.80000000000031, 1.2425906616210938, -0.00239420166015625, -9.64623848876953, 0.4832061068702294, -1.9703740458015266, -1.4295801526717664, -0.06098271048584025, -0.034699164660644544, -0.1637107211181732
40.90000000000031, 1.4820108276367188, -0.08140285644531249, -9.471461767578125, 0.7580152671755731, 1.396038167938931, -2.444847328244286, 0.17843745552978474, -0.11370781944580079, 0.011066000073231663
41.00000000000031, 1.1923124267578125, -0.03591302490234375, -9.402029919433593, -1.7992366412213736, 0.8464198473282442, 2.0437022900763253, -0.11126094534912156, -0.06821798790283204, 0.08049784821776385
41.100000000000314, 1.0462661254882812, -0.040701428222656245, -9.437942944335937, -2.6923664122137403, -2.1917480916030536, -1.4219465648855074, -0.2573072466186528, -0.07300639122314453, 0.0445848233154198
41.200000000000315, 1.0510545288085937, -0.12210428466796874, -9.655815295410155, -3.1732824427480915, -2.58106106870229, -2.460114503816805, -0.2525188432983403, -0.15440924766845704, -0.17328752775879863
41.30000000000032, 1.5346832641601562, -0.39983167724609375, -9.325415466308593, 0.16259541984732867, 0.006725190839694639, 0.40248091603052316, 0.2311098920532222, -0.43213664024658205, 0.15711230134276377
41.40000000000032, 1.0534487304687499, -0.2609679809570312, -9.282319836425781, 1.1473282442748096, 1.1135954198473281, 2.211641221374034, -0.25012464163818415, -0.2932729439575195, 0.20020793122557556
41.50000000000032, 1.695094775390625, -0.239420166015625, -9.133879333496093, 2.269465648854962, -2.214648854961832, -3.1853053435114616, 0.3915214032836909, -0.2717251290161133, 0.3486484341552636
41.60000000000032, 1.484405029296875, -0.28012159423828126, -9.579200842285156, 1.208396946564886, 0.251, -1.467748091603065, 0.18083165718994088, -0.31242655723876955, -0.0966730746337987
41.70000000000032, 1.2425906616210938, -0.0383072265625, -9.459490759277344, 2.406870229007634, 1.4800076335877863, -0.017366412213752014, -0.06098271048584025, -0.07061218956298829, 0.023037008374013013
41.800000000000324, 0.9409212524414062, -0.05027823486328125, -9.490615380859374, 1.4221374045801531, -6.6650305343511445, 0.8070610687022786, -0.3626521196655278, -0.08258319786376955, -0.00808761320801743
41.900000000000325, 2.0733786376953125, -0.09816226806640624, -9.519345800781249, 5.9946564885496185, -3.7108320610687024, 1.1582061068702174, 0.7698052655883785, -0.13046723106689453, -0.03681803312989196
42.00000000000033, 1.3407529296874998, -0.24181436767578124, -9.057264880371093, -0.2572519083969461, 4.182297709923664, 3.410114503816782, 0.03717955758056579, -0.27411933067626953, 0.4252628872802635
42.10000000000033, 1.2785036865234374, -0.07900865478515624, -9.356540087890625, 0.4221374045801531, 2.365503816793893, -1.9639312977099355, -0.025069685583496648, -0.11131361778564454, 0.12598767976073155
42.20000000000033, 1.2042834350585936, -0.10295067138671875, -9.488221179199218, -0.07404580152671714, 1.350236641221374, 0.2727099236641113, -0.09928993704834044, -0.13525563438720706, -0.0056934115478615155
42.30000000000033, 1.5059528442382812, 0.06703764648437499, -9.536105212402344, 0.2694656488549623, -1.0009083969465649, 1.8528625954198361, 0.20237947213134722, 0.034732683483886695, -0.05357744475098691
42.40000000000033, 1.5227122558593749, 0.03591302490234375, -9.49300958251953, 0.21603053435114544, -1.9627404580152672, -0.6280534351145146, 0.21913888375244084, 0.003608061901855454, -0.010481814868173345
42.500000000000334, 1.5801730957031248, -0.0047884033203125, -9.605537060546874, -0.5167938931297705, -0.03144274809160308, -0.29980916030535454, 0.2765997235961908, -0.0370933663208008, -0.12300929289551732
42.600000000000335, 1.24498486328125, -0.11252747802734374, -9.428366137695312, 0.3381679389312982, 0.0372595419847328, -0.2311068702290182, -0.058588508825684116, -0.14483244102783205, 0.05416162995604523
42.70000000000034, 1.189918225097656, 0.29927520751953124, -9.497797985839844, 0.2083969465648859, -0.10014503816793896, 0.44064885496181994, -0.11365514700927792, 0.26697024451904294, -0.01527021818848695
42.80000000000034, 1.8076222534179687, -0.0143652099609375, -9.619902270507811, -0.22671755725190795, -0.1230458015267176, -1.3150763358778743, 0.5040488813110346, -0.046670172961425796, -0.13737450285645458
42.90000000000034, 1.5155296508789062, 0.28012159423828126, -9.440337145996093, -0.028244274809159864, 2.8616870229007634, 1.0666030534351023, 0.2119562787719722, 0.24781663123779296, 0.04219062165526388
43.00000000000034, 1.2785036865234374, -0.24660277099609373, -9.567229833984374, -0.8374045801526713, 1.800618320610687, 1.3566793893129656, -0.025069685583496648, -0.27890773399658203, -0.08470206633301736
43.10000000000034, 1.3048399047851562, 0.0718260498046875, -9.631873278808593, -0.08167938931297664, -0.2528167938931298, -2.597519083969477, 0.0012665326782221875, 0.039521086804199204, -0.14934551115723593
43.200000000000344, 1.4173673828125, -0.277727392578125, -9.5001921875, 0.8190839694656493, -1.932206106870229, -1.5898854961832178, 0.11379401070556594, -0.3100323555786133, -0.017664419848642865
43.300000000000345, 1.4987702392578124, 0.09576806640624999, -9.481038574218749, -0.05114503816793847, -0.832969465648855, -1.8875954198473393, 0.19519686715087836, 0.0634631034057617, 0.0014891934326080047
43.40000000000035, 1.4867992309570313, 0.06943184814453125, -9.464279162597656, 0.39923664122137453, 1.0601603053435116, -0.6967557251908509, 0.18322585885009723, 0.037126885144042956, 0.018248605053701183
43.50000000000035, 1.438915197753906, -0.062249243164062495, -9.507374792480467, -0.24198473282442706, 0.7853511450381679, 1.0513358778625843, 0.13534182564697206, -0.09455420616455079, -0.02484702482911061
43.60000000000035, 1.1061211669921875, -0.07900865478515624, -9.380482104492186, 0.9259541984732829, 0.9380229007633588, -1.7654580152671873, -0.19745220511474648, -0.11131361778564454, 0.10204566315917063
43.70000000000035, 1.2976572998046874, 0.00718260498046875, -9.495403784179686, -0.2801526717557248, -0.4360229007633588, -0.3532442748091711, -0.005916072302246667, -0.025122358020019546, -0.01287601652832926
43.80000000000035, 1.2401964599609374, 0.03591302490234375, -9.457096557617186, 0.07862595419847368, -0.91693893129771, -1.788358778625966, -0.06337691214599661, 0.003608061901855454, 0.025431210034170704
43.900000000000354, 1.5514426757812498, 0.0, -9.449913952636718, 0.009923664122137799, -0.6726641221374046, -0.36087786259543186, 0.2478693036743158, -0.032304963000488296, 0.03261381501463845
44.000000000000355, 1.4987702392578124, 0.023942016601562498, -9.349357482910156, 0.14732824427480956, 0.7166488549618321, 0.33377862595418684, 0.19519686715087836, -0.008362946398925798, 0.13317028474120107
44.10000000000036, 1.4867992309570313, -0.02154781494140625, -9.485826977539062, -0.14274809160305302, 0.41893893129770987, 0.7307251908396832, 0.18322585885009723, -0.053852777941894546, -0.003299209887705601
44.20000000000036, 1.2761094848632812, -0.05746083984375, -9.351751684570312, 0.04809160305343557, 0.1288625954198473, -0.025000000000011013, -0.027463887243652785, -0.0897658028442383, 0.13077608308104516
44.30000000000036, 1.3168109130859373, 0.040701428222656245, -9.5001921875, 0.03282442748091646, -0.6192290076335878, -0.5746183206106981, 0.013237540979003315, 0.00839646522216795, -0.017664419848642865
44.40000000000036, 1.5394716674804687, 0.033518823242187495, -9.440337145996093, 0.223664122137405, -2.214648854961832, -0.0020992366412322383, 0.23589829537353468, 0.0012138602416991995, 0.04219062165526388
44.50000000000036, 1.4173673828125, 0.011971008300781249, -9.449913952636718, 0.04045801526717602, 0.32733587786259544, 0.10477099236640086, 0.11379401070556594, -0.020333954699707047, 0.03261381501463845
44.600000000000364, 1.438915197753906, -0.11731588134765625, -9.351751684570312, 0.1091603053435119, 0.350236641221374, 0.3490458015267066, 0.13534182564697206, -0.14962084434814454, 0.13077608308104516
44.700000000000365, 1.3144167114257812, -0.06464344482421874, -9.483432775878907, -0.07404580152671714, -0.0925114503816794, -0.1471374045801639, 0.010843339318847178, -0.09694840782470704, -0.0009050082275496862
44.80000000000037, 1.4413093994140624, -0.12449848632812499, -9.476250170898437, 0.0022900763358782994, -0.4589236641221374, -0.29980916030535454, 0.13773602730712842, -0.1568034493286133, 0.006277596752919834
44.90000000000037, 1.3934253662109375, -0.033518823242187495, -9.435548742675781, -0.04351145038167897, -0.15358015267175576, 1.8757633587786149, 0.08985199410400346, -0.06582378624267579, 0.04697902497557571
45.00000000000037, 1.426944189453125, -0.03591302490234375, -9.428366137695312, 0.0022900763358782994, 0.3197022900763359, 0.1811068702289962, 0.12337081734619093, -0.06821798790283204, 0.05416162995604523
45.10000000000037, 1.2497732666015624, -0.05985504150390625, -9.485826977539062, -0.028244274809159864, 0.25863358778625956, 0.21164122137403396, -0.05380010550537162, -0.09216000450439454, -0.003299209887705601
45.20000000000037, 1.3838485595703125, -0.055066638183593745, -9.457096557617186, 0.09389312977099279, -0.26045038167938933, -0.07080152671756856, 0.08027518746337847, -0.08737160118408205, 0.025431210034170704
45.300000000000374, 1.3838485595703125, 0.0, -9.473855969238281, 0.04045801526717602, -0.22991603053435117, -0.29217557251909554, 0.08027518746337847, -0.032304963000488296, 0.008671798413075749
45.400000000000375, 1.465251416015625, -0.0383072265625, -9.481038574218749, 0.06335877862595468, -0.03144274809160308, -0.07843511450382756, 0.1616780439086909, -0.07061218956298829, 0.0014891934326080047
45.50000000000038, 1.4125789794921875, 0.0718260498046875, -9.495403784179686, 0.06335877862595468, 0.18993129770992362, 0.07423664122136309, 0.10900560738525344, 0.039521086804199204, -0.01287601652832926
45.60000000000038, 1.3934253662109375, -0.05027823486328125, -9.516951599121093, -0.028244274809159864, 0.06779389312977097, 0.036068702290064536, 0.08985199410400346, -0.08258319786376955, -0.034423831469736044
45.70000000000038, 1.3431471313476562, -0.0430956298828125, -9.4618849609375, -0.1961832061068698, -0.19174809160305345, -0.18530534351146244, 0.03957375924072215, -0.0754005928833008, 0.020642806713857098
45.80000000000038, 1.4245499877929686, 0.016759411621093748, -9.473855969238281, 0.04045801526717602, -0.08487786259541988, 0.14293893129769764, 0.12097661568603457, -0.015545551379394548, 0.008671798413075749
45.90000000000038, 1.3838485595703125, -0.0047884033203125, -9.452308154296874, 0.07099236641221424, 0.09069465648854957, -0.017366412213752014, 0.08027518746337847, -0.0370933663208008, 0.030219613354482533
46.000000000000384, 1.3910311645507811, 0.00239420166015625, -9.4618849609375, -0.11984732824427435, 0.06016030534351141, 1.8986641221373937, 0.0874577924438471, -0.029910761340332045, 0.020642806713857098
46.100000000000385, 1.43652099609375, 0.009576806640625, -9.442731347656249, 0.0022900763358782994, -0.1612137404580153, 0.013167938931285761, 0.13294762398681592, -0.022728156359863298, 0.03979641999510797
46.20000000000039, 1.4101847778320311, -0.01915361328125, -9.466673364257812, -0.15801526717557207, -0.1764809160305344, 0.020801526717546537, 0.10661140572509709, -0.05145857628173829, 0.01585440339354527
46.30000000000039, 1.3551181396484375, -0.0143652099609375, -9.442731347656249, -0.13511450381679346, -0.08487786259541988, 0.005534351145026761, 0.0515447675415035, -0.046670172961425796, 0.03979641999510797
46.40000000000039, 1.458068811035156, -0.13168109130859373, -9.411606726074218, -0.028244274809159864, 0.07542748091603052, 0.11240458015265986, 0.15449543892822204, -0.16398605430908203, 0.07092104157713841
46.50000000000039, 1.3910311645507811, 0.01915361328125, -9.457096557617186, -0.17328244274809118, -0.2680839694656489, -0.05553435114504879, 0.0874577924438471, -0.013151349719238297, 0.025431210034170704
46.60000000000039, 1.4867992309570313, -0.14604630126953125, -9.483432775878907, 0.12442748091603101, 0.12122900763358774, -0.08606870229008834, 0.18322585885009723, -0.17835126427001954, -0.0009050082275496862
46.700000000000394, 1.3383587280273437, 0.0047884033203125, -9.466673364257812, 0.09389312977099279, 0.12122900763358774, -0.009732824427493014, 0.034785355920409655, -0.027516559680175797, 0.01585440339354527
46.800000000000395, 1.467645617675781, -0.028730419921875, -9.351751684570312, -0.08167938931297664, -0.07724427480916032, 0.06660305343510231, 0.16407224556884703, -0.061035382922363296, 0.13077608308104516
46.9000000000004, 1.4149731811523436, 0.143652099609375, -9.497797985839844, -0.02061068702290031, 0.06779389312977097, -2.002099236641233, 0.11139980904540958, 0.1113471366088867, -0.01527021818848695
47.0000000000004, 1.4053963745117186, 0.02154781494140625, -9.488221179199218, -0.08167938931297664, 0.014358778625954194, -0.03263358778627179, 0.10182300240478459, -0.010757148059082046, -0.0056934115478615155
47.1000000000004, 1.4317325927734375, 0.07422025146484375, -9.495403784179686, -0.11984732824427435, 0.08306106870229008, 0.020801526717546537, 0.12815922066650343, 0.04191528846435545, -0.01287601652832926
47.2000000000004, 1.4317325927734375, -0.03591302490234375, -9.452308154296874, 0.009923664122137799, -0.01617557251908397, -0.0020992366412322383, 0.12815922066650343, -0.06821798790283204, 0.030219613354482533
47.3000000000004, 1.446097802734375, -0.00239420166015625, -9.497797985839844, 0.07099236641221424, 0.006725190839694639, -0.07843511450382756, 0.1425244306274409, -0.034699164660644544, -0.01527021818848695
47.400000000000404, 1.4317325927734375, 0.01915361328125, -9.476250170898437, -0.05114503816793847, -0.01617557251908397, 0.08187022900762209, 0.12815922066650343, -0.013151349719238297, 0.006277596752919834
47.500000000000405, 1.4413093994140624, -0.062249243164062495, -9.507374792480467, 0.03282442748091646, -0.04670992366412219, 0.028435114503805536, 0.13773602730712842, -0.09455420616455079, -0.02484702482911061
47.600000000000406, 1.3263877197265623, 0.01915361328125, -9.375693701171874, -0.028244274809159864, -0.11541221374045804, -0.009732824427493014, 0.022814347619628306, -0.013151349719238297, 0.10683406647948246
47.70000000000041, 1.407790576171875, 0.03591302490234375, -9.5001921875, -0.07404580152671714, -0.0925114503816794, -1.9944656488549732, 0.10421720406494095, 0.003608061901855454, -0.017664419848642865
47.80000000000041, 1.4341267944335936, -0.00718260498046875, -9.495403784179686, 0.009923664122137799, 0.014358778625954194, 0.013167938931285761, 0.13055342232665956, -0.039487567980957046, -0.01287601652832926
47.90000000000041, 1.388636962890625, 0.0047884033203125, -9.507374792480467, 0.03282442748091646, 0.021992366412213693, -0.0020992366412322383, 0.08506359078369097, -0.027516559680175797, -0.02484702482911061
